{
    "version": "0.4",
    "title": "404 Page",
    "type": "section",
    "metadata": {
        "template_type": "single-404",
        "include_in_zip": "1",
        "elementor_pro_required": null,
        "wp_page_template": "elementor_canvas"
    },
    "content": [
        {
            "id": "54a5a62",
            "settings": {
                "layout": "full_width",
                "gap": "no",
                "background_background": "classic",
                "background_image": {
                    "url": "https:\/\/templatekit.jegtheme.com\/troof\/wp-content\/uploads\/sites\/118\/2021\/07\/the-roof-is-covered-with-bituminous-shingles-of-brown-color-quality-roofing.jpg",
                    "id": 734
                },
                "background_position": "center center",
                "background_size": "cover",
                "background_slideshow_gallery": [
                    {
                        "id": 70,
                        "url": "https:\/\/templatekit.jegtheme.com\/troof\/wp-content\/uploads\/sites\/118\/2021\/07\/selective-focus-of-building-with-windows-near-rooftop.jpg"
                    },
                    {
                        "id": 48,
                        "url": "https:\/\/templatekit.jegtheme.com\/troof\/wp-content\/uploads\/sites\/118\/2021\/07\/repairman-in-helmet-holding-hammer-while-repairing-roof.jpg"
                    },
                    {
                        "id": 77,
                        "url": "https:\/\/templatekit.jegtheme.com\/troof\/wp-content\/uploads\/sites\/118\/2021\/07\/back-view-of-handyman-in-uniform-and-helmet-repairing-roof-while-standing-on-ladder.jpg"
                    }
                ],
                "background_slideshow_background_size": "cover",
                "background_slideshow_background_position": "center center",
                "background_slideshow_ken_burns": "yes",
                "background_overlay_background": "gradient",
                "background_overlay_color": "#0000008F",
                "background_overlay_color_stop": {
                    "unit": "%",
                    "size": 93,
                    "sizes": []
                },
                "background_overlay_color_b": "#FFFFFF",
                "background_overlay_color_b_stop": {
                    "unit": "%",
                    "size": 0,
                    "sizes": []
                },
                "background_overlay_gradient_angle": {
                    "unit": "deg",
                    "size": 140,
                    "sizes": []
                },
                "background_overlay_opacity": {
                    "unit": "px",
                    "size": 1,
                    "sizes": []
                },
                "border_border": "solid",
                "border_width": {
                    "unit": "px",
                    "top": "20",
                    "right": "50",
                    "bottom": "50",
                    "left": "50",
                    "isLinked": false
                },
                "border_color": "#FFFFFF",
                "margin": {
                    "unit": "px",
                    "top": "0",
                    "right": 0,
                    "bottom": "0",
                    "left": 0,
                    "isLinked": false
                },
                "padding": {
                    "unit": "px",
                    "top": "130",
                    "right": "0",
                    "bottom": "130",
                    "left": "0",
                    "isLinked": false
                },
                "height": "full",
                "border_width_tablet": {
                    "unit": "px",
                    "top": "20",
                    "right": "20",
                    "bottom": "20",
                    "left": "20",
                    "isLinked": true
                },
                "border_width_mobile": {
                    "unit": "px",
                    "top": "10",
                    "right": "10",
                    "bottom": "10",
                    "left": "10",
                    "isLinked": true
                }
            },
            "elements": [
                {
                    "id": "6935de09",
                    "settings": {
                        "_column_size": 100,
                        "_inline_size": null
                    },
                    "elements": [
                        {
                            "id": "15f6bcc4",
                            "settings": {
                                "content_width": {
                                    "unit": "px",
                                    "size": 600,
                                    "sizes": []
                                },
                                "gap": "no"
                            },
                            "elements": [
                                {
                                    "id": "7513498",
                                    "settings": {
                                        "_column_size": 100,
                                        "_inline_size": null,
                                        "background_background": "gradient",
                                        "background_color": "#FFFFFF",
                                        "background_color_b": "#FFFFFF00",
                                        "margin": {
                                            "unit": "px",
                                            "top": "0",
                                            "right": "0",
                                            "bottom": "0",
                                            "left": "0",
                                            "isLinked": false
                                        },
                                        "padding": {
                                            "unit": "px",
                                            "top": "80",
                                            "right": "0",
                                            "bottom": "80",
                                            "left": "0",
                                            "isLinked": false
                                        },
                                        "__globals__": {
                                            "background_color": "",
                                            "background_color_b": ""
                                        },
                                        "background_color_stop": {
                                            "unit": "%",
                                            "size": 90,
                                            "sizes": []
                                        },
                                        "background_color_b_stop": {
                                            "unit": "%",
                                            "size": 0,
                                            "sizes": []
                                        },
                                        "background_gradient_angle": {
                                            "unit": "deg",
                                            "size": 140,
                                            "sizes": []
                                        },
                                        "margin_mobile": {
                                            "unit": "px",
                                            "top": "0",
                                            "right": "10",
                                            "bottom": "0",
                                            "left": "10",
                                            "isLinked": false
                                        }
                                    },
                                    "elements": [
                                        {
                                            "id": "14f872a4",
                                            "settings": {
                                                "title": "404",
                                                "align": "center",
                                                "__globals__": {
                                                    "typography_typography": "globals\/typography?id=7eee82a",
                                                    "title_color": "globals\/colors?id=c276d2c"
                                                }
                                            },
                                            "elements": [],
                                            "isInner": false,
                                            "widgetType": "heading",
                                            "elType": "widget"
                                        },
                                        {
                                            "id": "434eba24",
                                            "settings": {
                                                "title": "Pages Not Found",
                                                "align": "center",
                                                "title_color": "#000000",
                                                "_margin": {
                                                    "unit": "px",
                                                    "top": "0",
                                                    "right": "0",
                                                    "bottom": "20",
                                                    "left": "0",
                                                    "isLinked": false
                                                },
                                                "__globals__": {
                                                    "typography_typography": "globals\/typography?id=8ad940e",
                                                    "title_color": ""
                                                }
                                            },
                                            "elements": [],
                                            "isInner": false,
                                            "widgetType": "heading",
                                            "elType": "widget"
                                        },
                                        {
                                            "id": "5ba3d5da",
                                            "settings": {
                                                "text": "Back To Home",
                                                "align": "center",
                                                "background_color": "#000000",
                                                "border_radius": {
                                                    "unit": "px",
                                                    "top": "0",
                                                    "right": "0",
                                                    "bottom": "0",
                                                    "left": "0",
                                                    "isLinked": false
                                                },
                                                "text_padding": {
                                                    "unit": "px",
                                                    "top": "20",
                                                    "right": "38",
                                                    "bottom": "20",
                                                    "left": "38",
                                                    "isLinked": false
                                                },
                                                "_margin": {
                                                    "unit": "px",
                                                    "top": "0",
                                                    "right": "15",
                                                    "bottom": "0",
                                                    "left": "0",
                                                    "isLinked": false
                                                },
                                                "__globals__": {
                                                    "typography_typography": "globals\/typography?id=57b62a2",
                                                    "button_text_color": ""
                                                },
                                                "button_text_color": "#FFFFFF"
                                            },
                                            "elements": [],
                                            "isInner": false,
                                            "widgetType": "button",
                                            "elType": "widget"
                                        }
                                    ],
                                    "isInner": true,
                                    "elType": "column"
                                }
                            ],
                            "isInner": true,
                            "elType": "section"
                        }
                    ],
                    "isInner": false,
                    "elType": "column"
                }
            ],
            "isInner": false,
            "elType": "section"
        }
    ]
}