{
    "version": "0.4",
    "title": "Contact Us",
    "type": "page",
    "metadata": {
        "template_type": "single-page",
        "include_in_zip": "1",
        "elementor_pro_required": null,
        "wp_page_template": "elementor_canvas"
    },
    "content": [
        {
            "id": "7c887900",
            "settings": {
                "layout": "full_width",
                "gap": "no",
                "background_background": "classic",
                "background_image": {
                    "url": "https:\/\/templatekit.jegtheme.com\/troof\/wp-content\/uploads\/sites\/118\/2021\/07\/laying-roof-tiles.jpg",
                    "id": 490
                },
                "background_position": "center center",
                "background_size": "cover",
                "background_slideshow_gallery": [
                    {
                        "id": 70,
                        "url": "https:\/\/templatekit.jegtheme.com\/troof\/wp-content\/uploads\/sites\/118\/2021\/07\/selective-focus-of-building-with-windows-near-rooftop.jpg"
                    },
                    {
                        "id": 48,
                        "url": "https:\/\/templatekit.jegtheme.com\/troof\/wp-content\/uploads\/sites\/118\/2021\/07\/repairman-in-helmet-holding-hammer-while-repairing-roof.jpg"
                    },
                    {
                        "id": 77,
                        "url": "https:\/\/templatekit.jegtheme.com\/troof\/wp-content\/uploads\/sites\/118\/2021\/07\/back-view-of-handyman-in-uniform-and-helmet-repairing-roof-while-standing-on-ladder.jpg"
                    }
                ],
                "background_slideshow_background_size": "cover",
                "background_slideshow_background_position": "center center",
                "background_slideshow_ken_burns": "yes",
                "background_overlay_background": "gradient",
                "background_overlay_color": "#0000008F",
                "background_overlay_color_stop": {
                    "unit": "%",
                    "size": 93,
                    "sizes": []
                },
                "background_overlay_color_b": "#FFFFFF",
                "background_overlay_color_b_stop": {
                    "unit": "%",
                    "size": 0,
                    "sizes": []
                },
                "background_overlay_gradient_angle": {
                    "unit": "deg",
                    "size": 140,
                    "sizes": []
                },
                "background_overlay_opacity": {
                    "unit": "px",
                    "size": 1,
                    "sizes": []
                },
                "border_border": "solid",
                "border_width": {
                    "unit": "px",
                    "top": "20",
                    "right": "50",
                    "bottom": "0",
                    "left": "50",
                    "isLinked": false
                },
                "border_color": "#FFFFFF",
                "margin": {
                    "unit": "px",
                    "top": "0",
                    "right": 0,
                    "bottom": "0",
                    "left": 0,
                    "isLinked": false
                },
                "padding": {
                    "unit": "px",
                    "top": "130",
                    "right": "0",
                    "bottom": "130",
                    "left": "0",
                    "isLinked": false
                },
                "border_width_tablet": {
                    "unit": "px",
                    "top": "20",
                    "right": "20",
                    "bottom": "20",
                    "left": "20",
                    "isLinked": true
                },
                "border_width_mobile": {
                    "unit": "px",
                    "top": "10",
                    "right": "10",
                    "bottom": "10",
                    "left": "10",
                    "isLinked": true
                }
            },
            "elements": [
                {
                    "id": "2d62f4a8",
                    "settings": {
                        "_column_size": 100,
                        "_inline_size": null
                    },
                    "elements": [
                        {
                            "id": "65fbae7e",
                            "settings": {
                                "content_width": {
                                    "unit": "px",
                                    "size": 600,
                                    "sizes": []
                                },
                                "gap": "no"
                            },
                            "elements": [
                                {
                                    "id": "62e4a078",
                                    "settings": {
                                        "_column_size": 100,
                                        "_inline_size": null,
                                        "padding_mobile": {
                                            "unit": "px",
                                            "top": "0",
                                            "right": "10",
                                            "bottom": "0",
                                            "left": "10",
                                            "isLinked": false
                                        }
                                    },
                                    "elements": [
                                        {
                                            "id": "66c670e0",
                                            "settings": {
                                                "title": "Contact Us",
                                                "align": "center",
                                                "title_color": "#FFFFFF",
                                                "__globals__": {
                                                    "title_color": "",
                                                    "typography_typography": "globals\/typography?id=6dac344"
                                                }
                                            },
                                            "elements": [],
                                            "isInner": false,
                                            "widgetType": "heading",
                                            "elType": "widget"
                                        },
                                        {
                                            "id": "6616c534",
                                            "settings": {
                                                "align": "center",
                                                "text_color": "#FFFFFF",
                                                "__globals__": {
                                                    "typography_typography": "globals\/typography?id=text"
                                                }
                                            },
                                            "elements": [],
                                            "isInner": false,
                                            "widgetType": "text-editor",
                                            "elType": "widget"
                                        }
                                    ],
                                    "isInner": true,
                                    "elType": "column"
                                }
                            ],
                            "isInner": true,
                            "elType": "section"
                        }
                    ],
                    "isInner": false,
                    "elType": "column"
                }
            ],
            "isInner": false,
            "elType": "section"
        },
        {
            "id": "305e9f70",
            "settings": {
                "padding": {
                    "unit": "px",
                    "top": "100",
                    "right": "0",
                    "bottom": "100",
                    "left": "0",
                    "isLinked": false
                },
                "background_background": "classic",
                "__globals__": {
                    "background_color": ""
                },
                "content_position": "middle",
                "structure": "20",
                "padding_tablet": {
                    "unit": "px",
                    "top": "80",
                    "right": "10",
                    "bottom": "80",
                    "left": "10",
                    "isLinked": false
                },
                "padding_mobile": {
                    "unit": "px",
                    "top": "60",
                    "right": "10",
                    "bottom": "80",
                    "left": "10",
                    "isLinked": false
                },
                "content_width": {
                    "unit": "px",
                    "size": 1180,
                    "sizes": []
                },
                "gap": "no"
            },
            "elements": [
                {
                    "id": "1a32f707",
                    "settings": {
                        "_column_size": 50,
                        "_inline_size": null,
                        "align": "center",
                        "padding_tablet": {
                            "unit": "px",
                            "top": "0",
                            "right": "10",
                            "bottom": "0",
                            "left": "10",
                            "isLinked": false
                        },
                        "padding": {
                            "unit": "px",
                            "top": "0",
                            "right": "60",
                            "bottom": "0",
                            "left": "0",
                            "isLinked": false
                        },
                        "_inline_size_tablet": 100,
                        "margin_mobile": {
                            "unit": "px",
                            "top": "0",
                            "right": "0",
                            "bottom": "0",
                            "left": "0",
                            "isLinked": false
                        },
                        "padding_mobile": {
                            "unit": "px",
                            "top": "0",
                            "right": "0",
                            "bottom": "0",
                            "left": "0",
                            "isLinked": false
                        }
                    },
                    "elements": [
                        {
                            "id": "198862cb",
                            "settings": {
                                "title": "Contact us",
                                "__globals__": {
                                    "title_color": "",
                                    "typography_typography": "globals\/typography?id=7d17680"
                                },
                                "header_size": "h5",
                                "title_color": "#EB3749"
                            },
                            "elements": [],
                            "isInner": false,
                            "widgetType": "heading",
                            "elType": "widget"
                        },
                        {
                            "id": "1768c98c",
                            "settings": {
                                "title": "Get In Touch",
                                "__globals__": {
                                    "typography_typography": "globals\/typography?id=6dac344",
                                    "title_color": ""
                                },
                                "title_color": "#000000"
                            },
                            "elements": [],
                            "isInner": false,
                            "widgetType": "heading",
                            "elType": "widget"
                        },
                        {
                            "id": "4998ce8e",
                            "settings": {
                                "editor": "Lorem ipsum dolor sit amet, consectetur adipiscing elit, sed do eiusmod tempor incididunt ut labore et dolore magna aliqua Ut enim ad minim veniam, quis nostrud exercitation",
                                "align": "left",
                                "_padding": {
                                    "unit": "%",
                                    "top": "",
                                    "right": "",
                                    "bottom": "",
                                    "left": "",
                                    "isLinked": true
                                },
                                "__globals__": {
                                    "typography_typography": "globals\/typography?id=text"
                                }
                            },
                            "elements": [],
                            "isInner": false,
                            "widgetType": "text-editor",
                            "elType": "widget"
                        },
                        {
                            "id": "187f034c",
                            "settings": {
                                "gap": "no",
                                "structure": "20",
                                "margin": {
                                    "unit": "px",
                                    "top": "20",
                                    "right": 0,
                                    "bottom": "0",
                                    "left": 0,
                                    "isLinked": false
                                },
                                "margin_mobile": {
                                    "unit": "px",
                                    "top": "20",
                                    "right": 0,
                                    "bottom": "0",
                                    "left": 0,
                                    "isLinked": false
                                }
                            },
                            "elements": [
                                {
                                    "id": "7213f134",
                                    "settings": {
                                        "_column_size": 50,
                                        "_inline_size": null,
                                        "margin": {
                                            "unit": "px",
                                            "top": "0",
                                            "right": "20",
                                            "bottom": "0",
                                            "left": "0",
                                            "isLinked": false
                                        }
                                    },
                                    "elements": [
                                        {
                                            "id": "51c6869e",
                                            "settings": {
                                                "sg_setting_icon_position": "left",
                                                "sg_setting_content_alignment_responsive": "left",
                                                "sg_setting_html_tag": "h4",
                                                "sg_icon_header": {
                                                    "value": "jki jki-cityscape-light",
                                                    "library": "jkiticon"
                                                },
                                                "sg_icon_text": "Denpasar",
                                                "sg_icon_description": "Jl. Sunset Road No. 142, Kuta\n",
                                                "sg_readmore_button_label": "Learn More",
                                                "sg_badge_text": "BADGE",
                                                "st_container_padding_responsive": {
                                                    "unit": "px",
                                                    "top": "0",
                                                    "right": "0",
                                                    "bottom": "0",
                                                    "left": "0",
                                                    "isLinked": false
                                                },
                                                "st_container_border_border_border": "solid",
                                                "st_container_border_border_width": {
                                                    "unit": "px",
                                                    "top": "0",
                                                    "right": "0",
                                                    "bottom": "0",
                                                    "left": "0",
                                                    "isLinked": false
                                                },
                                                "st_content_description_color_responsive": "#7A7A7A",
                                                "st_icon_color_responsive": "#FFFFFF",
                                                "st_icon_border_border_width": {
                                                    "unit": "px",
                                                    "top": "1",
                                                    "right": "1",
                                                    "bottom": "1",
                                                    "left": "1",
                                                    "isLinked": true
                                                },
                                                "st_icon_border_border_color": "#10233B",
                                                "st_icon_border_radius_responsive": {
                                                    "unit": "px",
                                                    "top": "0",
                                                    "right": "0",
                                                    "bottom": "0",
                                                    "left": "0",
                                                    "isLinked": true
                                                },
                                                "st_icon_size_responsive": {
                                                    "unit": "px",
                                                    "size": 30,
                                                    "sizes": []
                                                },
                                                "st_icon_margin_responsive": {
                                                    "unit": "px",
                                                    "top": "0",
                                                    "right": "0",
                                                    "bottom": "0",
                                                    "left": "0",
                                                    "isLinked": true
                                                },
                                                "st_icon_padding_responsive": {
                                                    "unit": "px",
                                                    "top": "20",
                                                    "right": "20",
                                                    "bottom": "0",
                                                    "left": "20",
                                                    "isLinked": false
                                                },
                                                "st_icon_height_responsive": {
                                                    "unit": "px",
                                                    "size": 70,
                                                    "sizes": []
                                                },
                                                "st_icon_width_responsive": {
                                                    "unit": "px",
                                                    "size": "",
                                                    "sizes": []
                                                },
                                                "st_icon_line_height_responsive": {
                                                    "unit": "px",
                                                    "size": 10,
                                                    "sizes": []
                                                },
                                                "__globals__": {
                                                    "st_icon_bg_color_responsive": "globals\/colors?id=c276d2c",
                                                    "st_icon_border_border_color": "",
                                                    "st_icon_color_responsive": "",
                                                    "st_content_title_typography_content_typography_typography": "globals\/typography?id=b3493e3",
                                                    "st_content_description_color_responsive": "globals\/colors?id=text",
                                                    "st_content_description_typography_content_typography_typography": "globals\/typography?id=text",
                                                    "st_content_title_color_responsive": ""
                                                },
                                                "st_icon_size_responsive_mobile": {
                                                    "unit": "px",
                                                    "size": 30,
                                                    "sizes": []
                                                },
                                                "st_icon_padding_responsive_tablet": {
                                                    "unit": "px",
                                                    "top": "0",
                                                    "right": "0",
                                                    "bottom": "0",
                                                    "left": "14",
                                                    "isLinked": false
                                                },
                                                "st_icon_padding_responsive_mobile": {
                                                    "unit": "px",
                                                    "top": "0",
                                                    "right": "0",
                                                    "bottom": "0",
                                                    "left": "15",
                                                    "isLinked": false
                                                },
                                                "st_icon_height_responsive_tablet": {
                                                    "unit": "px",
                                                    "size": 60,
                                                    "sizes": []
                                                },
                                                "st_icon_height_responsive_mobile": {
                                                    "unit": "px",
                                                    "size": 60,
                                                    "sizes": []
                                                },
                                                "st_icon_width_responsive_tablet": {
                                                    "unit": "px",
                                                    "size": 60,
                                                    "sizes": []
                                                },
                                                "st_icon_width_responsive_mobile": {
                                                    "unit": "px",
                                                    "size": 60,
                                                    "sizes": []
                                                },
                                                "st_icon_line_height_responsive_tablet": {
                                                    "unit": "px",
                                                    "size": 72,
                                                    "sizes": []
                                                },
                                                "st_icon_line_height_responsive_mobile": {
                                                    "unit": "px",
                                                    "size": 70,
                                                    "sizes": []
                                                },
                                                "st_container_border_radius_responsive": {
                                                    "unit": "px",
                                                    "top": "0",
                                                    "right": "0",
                                                    "bottom": "0",
                                                    "left": "0",
                                                    "isLinked": true
                                                },
                                                "st_content_title_margin_responsive": {
                                                    "unit": "px",
                                                    "top": "0",
                                                    "right": "0",
                                                    "bottom": "5",
                                                    "left": "0",
                                                    "isLinked": false
                                                },
                                                "st_icon_size_responsive_tablet": {
                                                    "unit": "px",
                                                    "size": 30,
                                                    "sizes": []
                                                },
                                                "st_content_title_color_responsive": "#000000",
                                                "st_icon_bg_color_responsive": "#EB3749",
                                                "st_icon_hover_bg_color_responsive": "#000000"
                                            },
                                            "elements": [],
                                            "isInner": false,
                                            "widgetType": "jkit_icon_box",
                                            "elType": "widget"
                                        }
                                    ],
                                    "isInner": true,
                                    "elType": "column"
                                },
                                {
                                    "id": "409fa33d",
                                    "settings": {
                                        "_column_size": 50,
                                        "_inline_size": null,
                                        "margin_mobile": {
                                            "unit": "px",
                                            "top": "20",
                                            "right": "0",
                                            "bottom": "0",
                                            "left": "0",
                                            "isLinked": false
                                        }
                                    },
                                    "elements": [
                                        {
                                            "id": "4b14705",
                                            "settings": {
                                                "sg_setting_icon_position": "left",
                                                "sg_setting_content_alignment_responsive": "left",
                                                "sg_setting_html_tag": "h4",
                                                "sg_icon_header": {
                                                    "value": "jki jki-apartment1-light",
                                                    "library": "jkiticon"
                                                },
                                                "sg_icon_text": "Canggu",
                                                "sg_icon_description": "Jl. Pantai Batu Bolong No.69, Canggu",
                                                "sg_readmore_button_label": "Learn More",
                                                "sg_badge_text": "BADGE",
                                                "st_container_padding_responsive": {
                                                    "unit": "px",
                                                    "top": "0",
                                                    "right": "0",
                                                    "bottom": "0",
                                                    "left": "0",
                                                    "isLinked": false
                                                },
                                                "st_container_border_border_border": "solid",
                                                "st_container_border_border_width": {
                                                    "unit": "px",
                                                    "top": "0",
                                                    "right": "0",
                                                    "bottom": "0",
                                                    "left": "0",
                                                    "isLinked": false
                                                },
                                                "st_content_description_color_responsive": "#7A7A7A",
                                                "st_icon_color_responsive": "#FFFFFF",
                                                "st_icon_border_border_width": {
                                                    "unit": "px",
                                                    "top": "1",
                                                    "right": "1",
                                                    "bottom": "1",
                                                    "left": "1",
                                                    "isLinked": true
                                                },
                                                "st_icon_border_border_color": "#10233B",
                                                "st_icon_border_radius_responsive": {
                                                    "unit": "px",
                                                    "top": "0",
                                                    "right": "0",
                                                    "bottom": "0",
                                                    "left": "0",
                                                    "isLinked": true
                                                },
                                                "st_icon_size_responsive": {
                                                    "unit": "px",
                                                    "size": 30,
                                                    "sizes": []
                                                },
                                                "st_icon_margin_responsive": {
                                                    "unit": "px",
                                                    "top": "0",
                                                    "right": "0",
                                                    "bottom": "0",
                                                    "left": "0",
                                                    "isLinked": true
                                                },
                                                "st_icon_padding_responsive": {
                                                    "unit": "px",
                                                    "top": "20",
                                                    "right": "20",
                                                    "bottom": "0",
                                                    "left": "20",
                                                    "isLinked": false
                                                },
                                                "st_icon_height_responsive": {
                                                    "unit": "px",
                                                    "size": 70,
                                                    "sizes": []
                                                },
                                                "st_icon_width_responsive": {
                                                    "unit": "px",
                                                    "size": "",
                                                    "sizes": []
                                                },
                                                "st_icon_line_height_responsive": {
                                                    "unit": "px",
                                                    "size": 10,
                                                    "sizes": []
                                                },
                                                "__globals__": {
                                                    "st_icon_bg_color_responsive": "globals\/colors?id=c276d2c",
                                                    "st_icon_border_border_color": "",
                                                    "st_icon_color_responsive": "",
                                                    "st_content_title_typography_content_typography_typography": "globals\/typography?id=b3493e3",
                                                    "st_content_description_color_responsive": "globals\/colors?id=text",
                                                    "st_content_description_typography_content_typography_typography": "globals\/typography?id=text",
                                                    "st_content_title_color_responsive": ""
                                                },
                                                "st_icon_size_responsive_mobile": {
                                                    "unit": "px",
                                                    "size": 30,
                                                    "sizes": []
                                                },
                                                "st_icon_padding_responsive_tablet": {
                                                    "unit": "px",
                                                    "top": "0",
                                                    "right": "0",
                                                    "bottom": "0",
                                                    "left": "14",
                                                    "isLinked": false
                                                },
                                                "st_icon_padding_responsive_mobile": {
                                                    "unit": "px",
                                                    "top": "0",
                                                    "right": "0",
                                                    "bottom": "0",
                                                    "left": "15",
                                                    "isLinked": false
                                                },
                                                "st_icon_height_responsive_tablet": {
                                                    "unit": "px",
                                                    "size": 60,
                                                    "sizes": []
                                                },
                                                "st_icon_height_responsive_mobile": {
                                                    "unit": "px",
                                                    "size": 60,
                                                    "sizes": []
                                                },
                                                "st_icon_width_responsive_tablet": {
                                                    "unit": "px",
                                                    "size": 60,
                                                    "sizes": []
                                                },
                                                "st_icon_width_responsive_mobile": {
                                                    "unit": "px",
                                                    "size": 60,
                                                    "sizes": []
                                                },
                                                "st_icon_line_height_responsive_tablet": {
                                                    "unit": "px",
                                                    "size": 72,
                                                    "sizes": []
                                                },
                                                "st_icon_line_height_responsive_mobile": {
                                                    "unit": "px",
                                                    "size": 70,
                                                    "sizes": []
                                                },
                                                "st_container_border_radius_responsive": {
                                                    "unit": "px",
                                                    "top": "0",
                                                    "right": "0",
                                                    "bottom": "0",
                                                    "left": "0",
                                                    "isLinked": true
                                                },
                                                "st_content_title_margin_responsive": {
                                                    "unit": "px",
                                                    "top": "0",
                                                    "right": "0",
                                                    "bottom": "5",
                                                    "left": "0",
                                                    "isLinked": false
                                                },
                                                "st_icon_size_responsive_tablet": {
                                                    "unit": "px",
                                                    "size": 30,
                                                    "sizes": []
                                                },
                                                "st_content_title_color_responsive": "#000000",
                                                "st_icon_bg_color_responsive": "#EB3749",
                                                "st_icon_hover_bg_color_responsive": "#000000"
                                            },
                                            "elements": [],
                                            "isInner": false,
                                            "widgetType": "jkit_icon_box",
                                            "elType": "widget"
                                        }
                                    ],
                                    "isInner": true,
                                    "elType": "column"
                                }
                            ],
                            "isInner": true,
                            "elType": "section"
                        },
                        {
                            "id": "4aa6ded6",
                            "settings": {
                                "gap": "no",
                                "margin": {
                                    "unit": "px",
                                    "top": "30",
                                    "right": 0,
                                    "bottom": "0",
                                    "left": 0,
                                    "isLinked": false
                                },
                                "margin_mobile": {
                                    "unit": "px",
                                    "top": "20",
                                    "right": 0,
                                    "bottom": "0",
                                    "left": 0,
                                    "isLinked": false
                                },
                                "border_border": "solid",
                                "border_width": {
                                    "unit": "px",
                                    "top": "1",
                                    "right": "0",
                                    "bottom": "0",
                                    "left": "0",
                                    "isLinked": false
                                },
                                "padding": {
                                    "unit": "px",
                                    "top": "40",
                                    "right": "0",
                                    "bottom": "0",
                                    "left": "0",
                                    "isLinked": false
                                },
                                "__globals__": {
                                    "border_color": ""
                                },
                                "border_color": "#EAEAEA"
                            },
                            "elements": [
                                {
                                    "id": "14696b61",
                                    "settings": {
                                        "_column_size": 100,
                                        "_inline_size": null
                                    },
                                    "elements": [
                                        {
                                            "id": "35138618",
                                            "settings": {
                                                "title": "Social Media",
                                                "align": "left",
                                                "__globals__": {
                                                    "typography_typography": "globals\/typography?id=8ad940e",
                                                    "title_color": ""
                                                },
                                                "_element_custom_width": {
                                                    "unit": "px",
                                                    "size": 520,
                                                    "sizes": []
                                                },
                                                "title_color": "#000000"
                                            },
                                            "elements": [],
                                            "isInner": false,
                                            "widgetType": "heading",
                                            "elType": "widget"
                                        },
                                        {
                                            "id": "4fc6ad66",
                                            "settings": {
                                                "editor": "Lorem ipsum dolor sit amet, consectetur adipiscing elit, sed do eiusmod tempor incididunt ut labore et dolore magna ",
                                                "align": "left",
                                                "_padding": {
                                                    "unit": "%",
                                                    "top": "",
                                                    "right": "",
                                                    "bottom": "",
                                                    "left": "",
                                                    "isLinked": true
                                                },
                                                "__globals__": {
                                                    "typography_typography": "globals\/typography?id=text"
                                                }
                                            },
                                            "elements": [],
                                            "isInner": false,
                                            "widgetType": "text-editor",
                                            "elType": "widget"
                                        },
                                        {
                                            "id": "7016b042",
                                            "settings": {
                                                "social_icon_list": [
                                                    {
                                                        "social_icon": {
                                                            "value": "fab fa-facebook-f",
                                                            "library": "fa-brands"
                                                        },
                                                        "_id": "c0163ab"
                                                    },
                                                    {
                                                        "social_icon": {
                                                            "value": "fab fa-twitter",
                                                            "library": "fa-brands"
                                                        },
                                                        "_id": "310ab07"
                                                    },
                                                    {
                                                        "social_icon": {
                                                            "value": "fab fa-instagram",
                                                            "library": "fa-brands"
                                                        },
                                                        "_id": "63f86db"
                                                    },
                                                    {
                                                        "social_icon": {
                                                            "value": "fab fa-linkedin-in",
                                                            "library": "fa-brands"
                                                        },
                                                        "_id": "3dbfd36"
                                                    },
                                                    {
                                                        "social_icon": {
                                                            "value": "fab fa-pinterest-p",
                                                            "library": "fa-brands"
                                                        },
                                                        "_id": "40041f1"
                                                    }
                                                ],
                                                "shape": "square",
                                                "align": "left",
                                                "icon_size": {
                                                    "unit": "px",
                                                    "size": 16,
                                                    "sizes": []
                                                },
                                                "icon_padding": {
                                                    "unit": "em",
                                                    "size": 0.7,
                                                    "sizes": []
                                                },
                                                "icon_spacing": {
                                                    "unit": "px",
                                                    "size": 20,
                                                    "sizes": []
                                                },
                                                "hover_primary_color": "#FFFFFF",
                                                "hover_secondary_color": "#EB3749",
                                                "hover_animation": "shrink",
                                                "__globals__": {
                                                    "icon_secondary_color": "",
                                                    "hover_secondary_color": "globals\/colors?id=c276d2c",
                                                    "hover_primary_color": "",
                                                    "icon_primary_color": "globals\/colors?id=c276d2c"
                                                },
                                                "_margin": {
                                                    "unit": "px",
                                                    "top": "10",
                                                    "right": "0",
                                                    "bottom": "0",
                                                    "left": "0",
                                                    "isLinked": false
                                                },
                                                "icon_secondary_color": "#FFFFFF",
                                                "columns_mobile": "0",
                                                "align_mobile": "left",
                                                "icon_spacing_mobile": {
                                                    "unit": "px",
                                                    "size": 18,
                                                    "sizes": []
                                                },
                                                "icon_color": "custom",
                                                "icon_primary_color": "#EB3749"
                                            },
                                            "elements": [],
                                            "isInner": false,
                                            "widgetType": "social-icons",
                                            "elType": "widget"
                                        }
                                    ],
                                    "isInner": true,
                                    "elType": "column"
                                }
                            ],
                            "isInner": true,
                            "elType": "section"
                        }
                    ],
                    "isInner": false,
                    "elType": "column"
                },
                {
                    "id": "2a06b31d",
                    "settings": {
                        "_column_size": 50,
                        "_inline_size": null,
                        "align": "center",
                        "padding_tablet": {
                            "unit": "px",
                            "top": "0",
                            "right": "10",
                            "bottom": "0",
                            "left": "10",
                            "isLinked": false
                        },
                        "_inline_size_tablet": 100,
                        "margin_tablet": {
                            "unit": "px",
                            "top": "40",
                            "right": "0",
                            "bottom": "0",
                            "left": "0",
                            "isLinked": false
                        },
                        "padding": {
                            "unit": "px",
                            "top": "10",
                            "right": "10",
                            "bottom": "10",
                            "left": "40",
                            "isLinked": false
                        },
                        "padding_mobile": {
                            "unit": "px",
                            "top": "20",
                            "right": "0",
                            "bottom": "0",
                            "left": "0",
                            "isLinked": false
                        }
                    },
                    "elements": [
                        {
                            "id": "18d9ffda",
                            "settings": [],
                            "elements": [],
                            "isInner": false,
                            "widgetType": "metform",
                            "elType": "widget"
                        }
                    ],
                    "isInner": false,
                    "elType": "column"
                }
            ],
            "isInner": false,
            "elType": "section"
        },
        {
            "id": "2f6b19c9",
            "settings": {
                "layout": "full_width",
                "gap": "no",
                "margin": {
                    "unit": "px",
                    "top": "0",
                    "right": 0,
                    "bottom": "-80",
                    "left": 0,
                    "isLinked": false
                }
            },
            "elements": [
                {
                    "id": "5033ce2f",
                    "settings": {
                        "_column_size": 100,
                        "_inline_size": null
                    },
                    "elements": [
                        {
                            "id": "633f2389",
                            "settings": {
                                "address": "Jl. Sunset Road",
                                "zoom": {
                                    "unit": "px",
                                    "size": 17,
                                    "sizes": []
                                },
                                "height": {
                                    "unit": "px",
                                    "size": 520,
                                    "sizes": []
                                },
                                "css_filters_saturate": {
                                    "unit": "px",
                                    "size": 0,
                                    "sizes": []
                                }
                            },
                            "elements": [],
                            "isInner": false,
                            "widgetType": "google_maps",
                            "elType": "widget"
                        }
                    ],
                    "isInner": false,
                    "elType": "column"
                }
            ],
            "isInner": false,
            "elType": "section"
        }
    ]
}