{
    "version": "0.4",
    "title": "Footer",
    "type": "section",
    "metadata": {
        "template_type": "section-footer",
        "include_in_zip": "1",
        "elementor_pro_required": null,
        "wp_page_template": "elementor_canvas"
    },
    "content": [
        {
            "id": "120af2a3",
            "settings": {
                "padding": {
                    "unit": "px",
                    "top": "40",
                    "right": "10",
                    "bottom": "20",
                    "left": "10",
                    "isLinked": false
                },
                "background_background": "classic",
                "background_position": "top center",
                "background_repeat": "no-repeat",
                "background_size": "cover",
                "background_overlay_background": "classic",
                "background_overlay_opacity": {
                    "unit": "px",
                    "size": 0.12,
                    "sizes": []
                },
                "padding_tablet": {
                    "unit": "px",
                    "top": "0",
                    "right": "10",
                    "bottom": "20",
                    "left": "10",
                    "isLinked": false
                },
                "padding_mobile": {
                    "unit": "px",
                    "top": "0",
                    "right": "10",
                    "bottom": "20",
                    "left": "10",
                    "isLinked": false
                },
                "__globals__": {
                    "background_color": ""
                },
                "background_overlay_position": "initial",
                "background_overlay_ypos": {
                    "unit": "%",
                    "size": 30,
                    "sizes": []
                },
                "background_overlay_repeat": "no-repeat",
                "background_overlay_size": "cover",
                "background_color": "#070707",
                "content_width": {
                    "unit": "px",
                    "size": 1180,
                    "sizes": []
                },
                "gap": "no"
            },
            "elements": [
                {
                    "id": "1e5c23f5",
                    "settings": {
                        "_column_size": 100,
                        "_inline_size": null,
                        "margin": {
                            "unit": "px",
                            "top": "0",
                            "right": "0",
                            "bottom": "0",
                            "left": "0",
                            "isLinked": false
                        },
                        "padding": {
                            "unit": "px",
                            "top": "0",
                            "right": "0",
                            "bottom": "0",
                            "left": "0",
                            "isLinked": false
                        }
                    },
                    "elements": [
                        {
                            "id": "5aeb9457",
                            "settings": {
                                "gap": "no",
                                "structure": "40",
                                "margin": {
                                    "unit": "px",
                                    "top": "60",
                                    "right": 0,
                                    "bottom": "0",
                                    "left": 0,
                                    "isLinked": false
                                },
                                "margin_mobile": {
                                    "unit": "px",
                                    "top": "40",
                                    "right": 0,
                                    "bottom": "0",
                                    "left": 0,
                                    "isLinked": false
                                },
                                "margin_tablet": {
                                    "unit": "px",
                                    "top": "",
                                    "right": 0,
                                    "bottom": "",
                                    "left": 0,
                                    "isLinked": true
                                },
                                "content_width": {
                                    "unit": "px",
                                    "size": 1180,
                                    "sizes": []
                                }
                            },
                            "elements": [
                                {
                                    "id": "7733945b",
                                    "settings": {
                                        "_column_size": 25,
                                        "_inline_size": 30,
                                        "background_background": "classic",
                                        "padding": {
                                            "unit": "px",
                                            "top": "0",
                                            "right": "40",
                                            "bottom": "0",
                                            "left": "0",
                                            "isLinked": false
                                        },
                                        "_inline_size_tablet": 40
                                    },
                                    "elements": [
                                        {
                                            "id": "32881d18",
                                            "settings": {
                                                "image": {
                                                    "url": "https:\/\/templatekit.jegtheme.com\/troof\/wp-content\/uploads\/sites\/118\/2021\/07\/logo-white.png",
                                                    "id": 464
                                                },
                                                "image_size": "full",
                                                "align": "left",
                                                "width": {
                                                    "unit": "%",
                                                    "size": 35,
                                                    "sizes": []
                                                }
                                            },
                                            "elements": [],
                                            "isInner": false,
                                            "widgetType": "image",
                                            "elType": "widget"
                                        },
                                        {
                                            "id": "158fdbd4",
                                            "settings": {
                                                "editor": "Lorem ipsum dolor sit amet, consectetur adipiscing elit, sed do eiusmod tempor incididunt ut labore et dolore",
                                                "__globals__": {
                                                    "text_color": "",
                                                    "typography_typography": "globals\/typography?id=text"
                                                },
                                                "text_color": "#FFFFFF"
                                            },
                                            "elements": [],
                                            "isInner": false,
                                            "widgetType": "text-editor",
                                            "elType": "widget"
                                        },
                                        {
                                            "id": "257d0918",
                                            "settings": {
                                                "social_icon_list": [
                                                    {
                                                        "social_icon": {
                                                            "value": "fab fa-facebook-f",
                                                            "library": "fa-brands"
                                                        },
                                                        "_id": "c0163ab"
                                                    },
                                                    {
                                                        "social_icon": {
                                                            "value": "fab fa-twitter",
                                                            "library": "fa-brands"
                                                        },
                                                        "_id": "310ab07"
                                                    },
                                                    {
                                                        "social_icon": {
                                                            "value": "fab fa-instagram",
                                                            "library": "fa-brands"
                                                        },
                                                        "_id": "63f86db"
                                                    },
                                                    {
                                                        "social_icon": {
                                                            "value": "fab fa-youtube",
                                                            "library": "fa-brands"
                                                        },
                                                        "_id": "d54d883"
                                                    }
                                                ],
                                                "shape": "square",
                                                "align": "left",
                                                "icon_color": "custom",
                                                "icon_primary_color": "#FFFFFF00",
                                                "icon_size": {
                                                    "unit": "px",
                                                    "size": 16,
                                                    "sizes": []
                                                },
                                                "icon_padding": {
                                                    "unit": "em",
                                                    "size": 0.7,
                                                    "sizes": []
                                                },
                                                "icon_spacing": {
                                                    "unit": "px",
                                                    "size": 20,
                                                    "sizes": []
                                                },
                                                "hover_secondary_color": "#FFFFFF",
                                                "hover_animation": "shrink",
                                                "__globals__": {
                                                    "icon_secondary_color": "",
                                                    "hover_secondary_color": "",
                                                    "hover_primary_color": "globals\/colors?id=c276d2c",
                                                    "icon_primary_color": "",
                                                    "hover_border_color": "globals\/colors?id=c276d2c"
                                                },
                                                "align_tablet": "left",
                                                "icon_secondary_color": "#FFFFFF",
                                                "image_border_border": "solid",
                                                "image_border_width": {
                                                    "unit": "px",
                                                    "top": "1",
                                                    "right": "1",
                                                    "bottom": "1",
                                                    "left": "1",
                                                    "isLinked": true
                                                },
                                                "image_border_color": "#FFFFFF",
                                                "_margin": {
                                                    "unit": "px",
                                                    "top": "20",
                                                    "right": "0",
                                                    "bottom": "0",
                                                    "left": "0",
                                                    "isLinked": false
                                                },
                                                "_margin_mobile": {
                                                    "unit": "px",
                                                    "top": "0",
                                                    "right": "0",
                                                    "bottom": "0",
                                                    "left": "0",
                                                    "isLinked": false
                                                }
                                            },
                                            "elements": [],
                                            "isInner": false,
                                            "widgetType": "social-icons",
                                            "elType": "widget"
                                        }
                                    ],
                                    "isInner": true,
                                    "elType": "column"
                                },
                                {
                                    "id": "40251ff5",
                                    "settings": {
                                        "_column_size": 25,
                                        "_inline_size": 15.594,
                                        "padding": {
                                            "unit": "px",
                                            "top": "0",
                                            "right": "0",
                                            "bottom": "0",
                                            "left": "10",
                                            "isLinked": false
                                        },
                                        "_inline_size_tablet": 30,
                                        "margin_mobile": {
                                            "unit": "px",
                                            "top": "30",
                                            "right": "0",
                                            "bottom": "0",
                                            "left": "0",
                                            "isLinked": false
                                        },
                                        "padding_mobile": {
                                            "unit": "px",
                                            "top": "0",
                                            "right": "0",
                                            "bottom": "0",
                                            "left": "0",
                                            "isLinked": false
                                        }
                                    },
                                    "elements": [
                                        {
                                            "id": "2a14eaac",
                                            "settings": {
                                                "title": "Quick Links",
                                                "__globals__": {
                                                    "title_color": "",
                                                    "typography_typography": "globals\/typography?id=219d7b2"
                                                },
                                                "header_size": "h5",
                                                "title_color": "#FFFFFF"
                                            },
                                            "elements": [],
                                            "isInner": false,
                                            "widgetType": "heading",
                                            "elType": "widget"
                                        },
                                        {
                                            "id": "7ae1af2d",
                                            "settings": {
                                                "icon_list": [
                                                    {
                                                        "text": "About Us",
                                                        "selected_icon": {
                                                            "value": "",
                                                            "library": ""
                                                        },
                                                        "_id": "a1503d5",
                                                        "link": {
                                                            "url": "#",
                                                            "is_external": "",
                                                            "nofollow": "",
                                                            "custom_attributes": ""
                                                        }
                                                    },
                                                    {
                                                        "text": "Services",
                                                        "selected_icon": {
                                                            "value": "",
                                                            "library": ""
                                                        },
                                                        "_id": "3ad3ad7",
                                                        "link": {
                                                            "url": "#",
                                                            "is_external": "",
                                                            "nofollow": "",
                                                            "custom_attributes": ""
                                                        }
                                                    },
                                                    {
                                                        "text": "Portfolio",
                                                        "selected_icon": {
                                                            "value": "",
                                                            "library": ""
                                                        },
                                                        "_id": "005009c",
                                                        "link": {
                                                            "url": "#",
                                                            "is_external": "",
                                                            "nofollow": "",
                                                            "custom_attributes": ""
                                                        }
                                                    },
                                                    {
                                                        "text": "Pricing",
                                                        "selected_icon": {
                                                            "value": "",
                                                            "library": ""
                                                        },
                                                        "_id": "c74da34",
                                                        "link": {
                                                            "url": "#",
                                                            "is_external": "",
                                                            "nofollow": "",
                                                            "custom_attributes": ""
                                                        }
                                                    },
                                                    {
                                                        "text": "Contact",
                                                        "selected_icon": {
                                                            "value": "",
                                                            "library": ""
                                                        },
                                                        "_id": "4839387",
                                                        "link": {
                                                            "url": "#",
                                                            "is_external": "",
                                                            "nofollow": "",
                                                            "custom_attributes": ""
                                                        }
                                                    }
                                                ],
                                                "space_between": {
                                                    "unit": "px",
                                                    "size": 10,
                                                    "sizes": []
                                                },
                                                "text_color": "#FFFFFF",
                                                "icon_color": "#FC685B",
                                                "__globals__": {
                                                    "icon_color": "",
                                                    "text_color_hover": "globals\/colors?id=c276d2c",
                                                    "icon_typography_typography": "globals\/typography?id=text"
                                                },
                                                "_margin": {
                                                    "unit": "px",
                                                    "top": "10",
                                                    "right": "0",
                                                    "bottom": "0",
                                                    "left": "0",
                                                    "isLinked": false
                                                }
                                            },
                                            "elements": [],
                                            "isInner": false,
                                            "widgetType": "icon-list",
                                            "elType": "widget"
                                        }
                                    ],
                                    "isInner": true,
                                    "elType": "column"
                                },
                                {
                                    "id": "41198bfe",
                                    "settings": {
                                        "_column_size": 25,
                                        "_inline_size": 23.126,
                                        "padding": {
                                            "unit": "px",
                                            "top": "0",
                                            "right": "0",
                                            "bottom": "0",
                                            "left": "10",
                                            "isLinked": false
                                        },
                                        "_inline_size_tablet": 30,
                                        "margin_mobile": {
                                            "unit": "px",
                                            "top": "20",
                                            "right": "0",
                                            "bottom": "0",
                                            "left": "0",
                                            "isLinked": false
                                        },
                                        "padding_mobile": {
                                            "unit": "px",
                                            "top": "0",
                                            "right": "0",
                                            "bottom": "0",
                                            "left": "0",
                                            "isLinked": false
                                        },
                                        "margin": {
                                            "unit": "px",
                                            "top": "0",
                                            "right": "0",
                                            "bottom": "0",
                                            "left": "0",
                                            "isLinked": false
                                        }
                                    },
                                    "elements": [
                                        {
                                            "id": "5108ede7",
                                            "settings": {
                                                "title": "Contact Info",
                                                "__globals__": {
                                                    "title_color": "",
                                                    "typography_typography": "globals\/typography?id=219d7b2"
                                                },
                                                "header_size": "h5",
                                                "title_color": "#FFFFFF"
                                            },
                                            "elements": [],
                                            "isInner": false,
                                            "widgetType": "heading",
                                            "elType": "widget"
                                        },
                                        {
                                            "id": "52d86193",
                                            "settings": {
                                                "icon_list": [
                                                    {
                                                        "text": "Jl. Sunset Road No.815, Kuta, Bali 80361",
                                                        "selected_icon": {
                                                            "value": "fas fa-map-marker-alt",
                                                            "library": "fa-solid"
                                                        },
                                                        "_id": "27ef4dc"
                                                    },
                                                    {
                                                        "_id": "4785a6b",
                                                        "text": "(+62) 8152 254 239",
                                                        "selected_icon": {
                                                            "value": "fas fa-phone-alt",
                                                            "library": "fa-solid"
                                                        }
                                                    },
                                                    {
                                                        "_id": "8a86052",
                                                        "text": "contact@domain.com",
                                                        "selected_icon": {
                                                            "value": "far fa-envelope",
                                                            "library": "fa-regular"
                                                        }
                                                    }
                                                ],
                                                "space_between": {
                                                    "unit": "px",
                                                    "size": 30,
                                                    "sizes": []
                                                },
                                                "__globals__": {
                                                    "text_color": "",
                                                    "icon_color": "globals\/colors?id=c276d2c",
                                                    "text_color_hover": "globals\/colors?id=c276d2c",
                                                    "icon_typography_typography": "globals\/typography?id=text"
                                                },
                                                "text_color": "#FFFFFF",
                                                "text_color_hover": "#EB3749",
                                                "divider": "yes",
                                                "divider_width": {
                                                    "unit": "%",
                                                    "size": 92,
                                                    "sizes": []
                                                },
                                                "divider_color": "#1D1D1D",
                                                "_margin": {
                                                    "unit": "px",
                                                    "top": "10",
                                                    "right": "0",
                                                    "bottom": "0",
                                                    "left": "0",
                                                    "isLinked": false
                                                }
                                            },
                                            "elements": [],
                                            "isInner": false,
                                            "widgetType": "icon-list",
                                            "elType": "widget"
                                        }
                                    ],
                                    "isInner": true,
                                    "elType": "column"
                                },
                                {
                                    "id": "6b3e3095",
                                    "settings": {
                                        "_column_size": 25,
                                        "_inline_size": 31.251,
                                        "_inline_size_tablet": 100,
                                        "padding_tablet": {
                                            "unit": "px",
                                            "top": "40",
                                            "right": "0",
                                            "bottom": "0",
                                            "left": "0",
                                            "isLinked": false
                                        },
                                        "margin_mobile": {
                                            "unit": "px",
                                            "top": "20",
                                            "right": "0",
                                            "bottom": "0",
                                            "left": "0",
                                            "isLinked": false
                                        },
                                        "padding_mobile": {
                                            "unit": "px",
                                            "top": "0",
                                            "right": "0",
                                            "bottom": "0",
                                            "left": "0",
                                            "isLinked": false
                                        },
                                        "content_position_tablet": "center",
                                        "margin": {
                                            "unit": "px",
                                            "top": "0",
                                            "right": "0",
                                            "bottom": "0",
                                            "left": "40",
                                            "isLinked": false
                                        },
                                        "margin_tablet": {
                                            "unit": "px",
                                            "top": "0",
                                            "right": "0",
                                            "bottom": "0",
                                            "left": "0",
                                            "isLinked": false
                                        }
                                    },
                                    "elements": [
                                        {
                                            "id": "7ae245a9",
                                            "settings": {
                                                "title": "Newsletter",
                                                "__globals__": {
                                                    "title_color": "",
                                                    "typography_typography": "globals\/typography?id=219d7b2"
                                                },
                                                "header_size": "h5",
                                                "title_color": "#FFFFFF"
                                            },
                                            "elements": [],
                                            "isInner": false,
                                            "widgetType": "heading",
                                            "elType": "widget"
                                        },
                                        {
                                            "id": "101f8924",
                                            "settings": {
                                                "editor": "Lorem ipsum dolor sit amet, consectetur adipisci elit, sed do eiusmod tempor incididunt ut labore et dolore",
                                                "align_tablet": "center",
                                                "align_mobile": "left",
                                                "__globals__": {
                                                    "typography_typography": "globals\/typography?id=text",
                                                    "text_color": ""
                                                },
                                                "_margin": {
                                                    "unit": "px",
                                                    "top": "10",
                                                    "right": "0",
                                                    "bottom": "0",
                                                    "left": "0",
                                                    "isLinked": false
                                                },
                                                "_padding_tablet": {
                                                    "unit": "%",
                                                    "top": "0",
                                                    "right": "15",
                                                    "bottom": "0",
                                                    "left": "15",
                                                    "isLinked": false
                                                },
                                                "_padding_mobile": {
                                                    "unit": "px",
                                                    "top": "0",
                                                    "right": "0",
                                                    "bottom": "0",
                                                    "left": "0",
                                                    "isLinked": false
                                                },
                                                "text_color": "#FFFFFF"
                                            },
                                            "elements": [],
                                            "isInner": false,
                                            "widgetType": "text-editor",
                                            "elType": "widget"
                                        },
                                        {
                                            "id": "16fbda7c",
                                            "settings": {
                                                "sg_form_email_placeholder": "Your Email Address",
                                                "sg_form_email_icon_enable": "",
                                                "sg_form_button_text": "",
                                                "sg_form_success_message": "Successfully listed this email",
                                                "st_input_border_radius_responsive": {
                                                    "unit": "px",
                                                    "top": "0",
                                                    "right": "0",
                                                    "bottom": "0",
                                                    "left": "0",
                                                    "isLinked": true
                                                },
                                                "st_input_padding_responsive": {
                                                    "unit": "px",
                                                    "top": "15",
                                                    "right": "20",
                                                    "bottom": "15",
                                                    "left": "0",
                                                    "isLinked": false
                                                },
                                                "st_input_border_border_border": "solid",
                                                "st_input_border_border_width": {
                                                    "unit": "px",
                                                    "top": "0",
                                                    "right": "0",
                                                    "bottom": "1",
                                                    "left": "0",
                                                    "isLinked": false
                                                },
                                                "st_input_margin_right_responsive": {
                                                    "unit": "px",
                                                    "size": 10,
                                                    "sizes": []
                                                },
                                                "st_input_placeholder_color_responsive": "#7A7A7A",
                                                "st_button_border_radius_responsive": {
                                                    "unit": "px",
                                                    "top": "0",
                                                    "right": "0",
                                                    "bottom": "0",
                                                    "left": "0",
                                                    "isLinked": false
                                                },
                                                "st_button_padding_responsive": {
                                                    "unit": "px",
                                                    "top": "13",
                                                    "right": "0",
                                                    "bottom": "14",
                                                    "left": "10",
                                                    "isLinked": false
                                                },
                                                "st_button_normal_color_responsive": "#FFFFFF",
                                                "st_button_normal_background_background_background": "classic",
                                                "_margin": {
                                                    "unit": "px",
                                                    "top": "5",
                                                    "right": "0",
                                                    "bottom": "0",
                                                    "left": "0",
                                                    "isLinked": false
                                                },
                                                "__globals__": {
                                                    "st_input_placeholder_color_responsive": "globals\/colors?id=text",
                                                    "st_input_placeholder_typography_content_typography_typography": "",
                                                    "st_button_normal_color_responsive": "",
                                                    "st_button_normal_background_background_color": "globals\/colors?id=c276d2c",
                                                    "st_button_typography_content_typography_typography": "",
                                                    "st_input_typography_content_typography_typography": "",
                                                    "st_input_color_responsive": "",
                                                    "st_button_border_border_color": "globals\/colors?id=c276d2c"
                                                },
                                                "st_input_border_radius_responsive_tablet": {
                                                    "unit": "px",
                                                    "top": "0",
                                                    "right": "0",
                                                    "bottom": "0",
                                                    "left": "0",
                                                    "isLinked": false
                                                },
                                                "st_input_border_border_width_tablet": {
                                                    "unit": "px",
                                                    "top": "0",
                                                    "right": "0",
                                                    "bottom": "1",
                                                    "left": "0",
                                                    "isLinked": false
                                                },
                                                "st_input_width_responsive_tablet": {
                                                    "unit": "%",
                                                    "size": 78,
                                                    "sizes": []
                                                },
                                                "st_button_border_radius_responsive_tablet": {
                                                    "unit": "px",
                                                    "top": "0",
                                                    "right": "0",
                                                    "bottom": "0",
                                                    "left": "0",
                                                    "isLinked": false
                                                },
                                                "st_button_width_responsive_tablet": {
                                                    "unit": "%",
                                                    "size": 22,
                                                    "sizes": []
                                                },
                                                "st_button_padding_responsive_mobile": {
                                                    "unit": "px",
                                                    "top": "10",
                                                    "right": "20",
                                                    "bottom": "10",
                                                    "left": "20",
                                                    "isLinked": false
                                                },
                                                "st_button_margin_responsive_mobile": {
                                                    "unit": "px",
                                                    "top": "10",
                                                    "right": "0",
                                                    "bottom": "0",
                                                    "left": "0",
                                                    "isLinked": false
                                                },
                                                "st_button_width_responsive_mobile": {
                                                    "unit": "%",
                                                    "size": 30,
                                                    "sizes": []
                                                },
                                                "_margin_mobile": {
                                                    "unit": "px",
                                                    "top": "0",
                                                    "right": "0",
                                                    "bottom": "0",
                                                    "left": "0",
                                                    "isLinked": false
                                                },
                                                "st_input_width_responsive": {
                                                    "unit": "%",
                                                    "size": 79,
                                                    "sizes": []
                                                },
                                                "st_input_width_responsive_mobile": {
                                                    "unit": "%",
                                                    "size": 70,
                                                    "sizes": []
                                                },
                                                "st_input_color_responsive": "#FFFFFF",
                                                "st_button_margin_responsive": {
                                                    "unit": "px",
                                                    "top": "0",
                                                    "right": "0",
                                                    "bottom": "0",
                                                    "left": "0",
                                                    "isLinked": false
                                                },
                                                "st_button_width_responsive": {
                                                    "unit": "%",
                                                    "size": 16,
                                                    "sizes": []
                                                },
                                                "st_input_padding_responsive_mobile": {
                                                    "unit": "px",
                                                    "top": "18",
                                                    "right": "20",
                                                    "bottom": "18",
                                                    "left": "0",
                                                    "isLinked": false
                                                },
                                                "st_button_margin_responsive_tablet": {
                                                    "unit": "px",
                                                    "top": "0",
                                                    "right": "0",
                                                    "bottom": "0",
                                                    "left": "0",
                                                    "isLinked": false
                                                },
                                                "animation_duration": "slow",
                                                "sg_form_button_icon": {
                                                    "value": "jki jki-paper-plane-light",
                                                    "library": "jkiticon"
                                                },
                                                "st_input_background_background_background": "classic",
                                                "st_input_background_background_color": "#FFFFFF00",
                                                "st_input_border_border_color": "#FFFFFF",
                                                "st_button_border_border_border": "solid",
                                                "st_button_border_border_width": {
                                                    "unit": "px",
                                                    "top": "1",
                                                    "right": "1",
                                                    "bottom": "1",
                                                    "left": "1",
                                                    "isLinked": false
                                                },
                                                "st_button_border_border_color": "#FFFFFF",
                                                "st_input_typography_content_typography_typography": "custom",
                                                "st_input_typography_content_typography_font_family": "Heebo",
                                                "st_input_typography_content_typography_font_size": {
                                                    "unit": "px",
                                                    "size": 16,
                                                    "sizes": []
                                                },
                                                "st_input_typography_content_typography_font_weight": "300"
                                            },
                                            "elements": [],
                                            "isInner": false,
                                            "widgetType": "jkit_mailchimp",
                                            "elType": "widget"
                                        }
                                    ],
                                    "isInner": true,
                                    "elType": "column"
                                }
                            ],
                            "isInner": true,
                            "elType": "section"
                        },
                        {
                            "id": "3dd68087",
                            "settings": {
                                "content_width": {
                                    "unit": "px",
                                    "size": 1170,
                                    "sizes": []
                                },
                                "gap": "no",
                                "content_position": "middle",
                                "structure": "20",
                                "border_border": "solid",
                                "border_width": {
                                    "unit": "px",
                                    "top": "1",
                                    "right": "0",
                                    "bottom": "0",
                                    "left": "0",
                                    "isLinked": false
                                },
                                "border_color": "#1D1D1D",
                                "margin": {
                                    "unit": "px",
                                    "top": "80",
                                    "right": 0,
                                    "bottom": "0",
                                    "left": 0,
                                    "isLinked": false
                                },
                                "padding": {
                                    "unit": "px",
                                    "top": "20",
                                    "right": "0",
                                    "bottom": "0",
                                    "left": "0",
                                    "isLinked": false
                                },
                                "margin_tablet": {
                                    "unit": "px",
                                    "top": "60",
                                    "right": 0,
                                    "bottom": "0",
                                    "left": 0,
                                    "isLinked": false
                                },
                                "margin_mobile": {
                                    "unit": "px",
                                    "top": "40",
                                    "right": 0,
                                    "bottom": "0",
                                    "left": 0,
                                    "isLinked": false
                                }
                            },
                            "elements": [
                                {
                                    "id": "280dc8ab",
                                    "settings": {
                                        "_column_size": 50,
                                        "_inline_size": null
                                    },
                                    "elements": [
                                        {
                                            "id": "1dc40669",
                                            "settings": {
                                                "editor": "Roofing Service Template Kit by Jegtheme",
                                                "align_mobile": "center",
                                                "__globals__": {
                                                    "typography_typography": "globals\/typography?id=accent",
                                                    "text_color": ""
                                                },
                                                "text_color": "#FFFFFF"
                                            },
                                            "elements": [],
                                            "isInner": false,
                                            "widgetType": "text-editor",
                                            "elType": "widget"
                                        }
                                    ],
                                    "isInner": true,
                                    "elType": "column"
                                },
                                {
                                    "id": "2448ed08",
                                    "settings": {
                                        "_column_size": 50,
                                        "_inline_size": null,
                                        "margin_mobile": {
                                            "unit": "px",
                                            "top": "10",
                                            "right": "0",
                                            "bottom": "0",
                                            "left": "0",
                                            "isLinked": false
                                        }
                                    },
                                    "elements": [
                                        {
                                            "id": "2276ce2",
                                            "settings": {
                                                "editor": "Copyright \u00a9 2021. All rights reserved.\n",
                                                "align": "right",
                                                "align_mobile": "center",
                                                "__globals__": {
                                                    "typography_typography": "globals\/typography?id=accent",
                                                    "text_color": ""
                                                },
                                                "text_color": "#FFFFFF"
                                            },
                                            "elements": [],
                                            "isInner": false,
                                            "widgetType": "text-editor",
                                            "elType": "widget"
                                        }
                                    ],
                                    "isInner": true,
                                    "elType": "column"
                                }
                            ],
                            "isInner": true,
                            "elType": "section"
                        }
                    ],
                    "isInner": false,
                    "elType": "column"
                }
            ],
            "isInner": false,
            "elType": "section"
        }
    ]
}