{
    "version": "0.4",
    "title": "Global Kit Styles",
    "type": "section",
    "metadata": {
        "template_type": "global-styles",
        "include_in_zip": "1",
        "elementor_pro_required": null,
        "additional_template_information": [
            "These are the global theme styles configured through the Elementor Theme Styles area."
        ],
        "wp_page_template": "default"
    },
    "content": [],
    "page_settings": {
        "custom_colors": [
            {
                "_id": "c276d2c",
                "title": "red",
                "color": "#EB3749"
            },
            {
                "_id": "700c2aa",
                "title": "grey",
                "color": "#F2F2F2"
            }
        ],
        "custom_typography": [
            {
                "typography_typography": "custom",
                "typography_font_family": "Lato",
                "typography_font_size": {
                    "unit": "px",
                    "size": 14,
                    "sizes": []
                },
                "typography_font_weight": "400",
                "typography_text_transform": "uppercase",
                "typography_letter_spacing": {
                    "unit": "px",
                    "size": 0.8,
                    "sizes": []
                },
                "_id": "57b62a2",
                "title": "btn"
            },
            {
                "typography_typography": "custom",
                "typography_font_family": "Heebo",
                "typography_font_size": {
                    "unit": "px",
                    "size": 16,
                    "sizes": []
                },
                "typography_font_weight": "600",
                "_id": "7d17680",
                "title": "h6 600"
            },
            {
                "typography_typography": "custom",
                "typography_font_family": "Heebo",
                "typography_font_size": {
                    "unit": "px",
                    "size": 62,
                    "sizes": []
                },
                "typography_font_size_mobile": {
                    "unit": "px",
                    "size": 48,
                    "sizes": []
                },
                "typography_font_weight": "700",
                "typography_text_transform": "uppercase",
                "_id": "5e2af2e",
                "title": "h1",
                "typography_line_height": {
                    "unit": "em",
                    "size": 1,
                    "sizes": []
                },
                "typography_line_height_mobile": {
                    "unit": "em",
                    "size": 1,
                    "sizes": []
                }
            },
            {
                "typography_typography": "custom",
                "typography_font_family": "Heebo",
                "typography_font_size": {
                    "unit": "px",
                    "size": 22,
                    "sizes": []
                },
                "typography_font_weight": "800",
                "_id": "fe1614f",
                "title": "h5 22",
                "typography_line_height_mobile": {
                    "unit": "em",
                    "size": 1,
                    "sizes": []
                }
            },
            {
                "typography_typography": "custom",
                "typography_font_family": "Heebo",
                "typography_font_size": {
                    "unit": "px",
                    "size": 48,
                    "sizes": []
                },
                "typography_font_size_mobile": {
                    "unit": "px",
                    "size": 38,
                    "sizes": []
                },
                "typography_font_weight": "700",
                "typography_text_transform": "uppercase",
                "_id": "6dac344",
                "title": "h2",
                "typography_line_height": {
                    "unit": "em",
                    "size": 1,
                    "sizes": []
                },
                "typography_line_height_mobile": {
                    "unit": "em",
                    "size": 1,
                    "sizes": []
                }
            },
            {
                "typography_typography": "custom",
                "typography_font_family": "Heebo",
                "typography_font_size": {
                    "unit": "px",
                    "size": 32,
                    "sizes": []
                },
                "typography_font_weight": "800",
                "_id": "07e4c65",
                "title": "h3",
                "typography_line_height": {
                    "unit": "em",
                    "size": 1,
                    "sizes": []
                },
                "typography_line_height_mobile": {
                    "unit": "em",
                    "size": 1,
                    "sizes": []
                }
            },
            {
                "typography_typography": "custom",
                "typography_font_family": "Heebo",
                "typography_font_size": {
                    "unit": "px",
                    "size": 24,
                    "sizes": []
                },
                "typography_font_weight": "700",
                "_id": "8ad940e",
                "title": "h5 24",
                "typography_line_height": {
                    "unit": "em",
                    "size": 1,
                    "sizes": []
                },
                "typography_line_height_mobile": {
                    "unit": "em",
                    "size": 1,
                    "sizes": []
                }
            },
            {
                "typography_typography": "custom",
                "typography_font_family": "Heebo",
                "typography_font_size": {
                    "unit": "px",
                    "size": 18,
                    "sizes": []
                },
                "typography_font_weight": "600",
                "_id": "b3493e3",
                "title": "h6 18"
            },
            {
                "typography_typography": "custom",
                "typography_font_family": "Heebo",
                "typography_font_size": {
                    "unit": "px",
                    "size": 20,
                    "sizes": []
                },
                "typography_font_weight": "700",
                "_id": "219d7b2",
                "title": "post title"
            },
            {
                "typography_typography": "custom",
                "typography_font_family": "Heebo",
                "typography_font_size": {
                    "unit": "px",
                    "size": 200,
                    "sizes": []
                },
                "typography_font_size_mobile": {
                    "unit": "px",
                    "size": 100,
                    "sizes": []
                },
                "typography_font_weight": "800",
                "typography_line_height": {
                    "unit": "em",
                    "size": 0.8,
                    "sizes": []
                },
                "typography_line_height_mobile": {
                    "unit": "em",
                    "size": 0.8,
                    "sizes": []
                },
                "_id": "7eee82a",
                "title": "404 "
            },
            {
                "typography_typography": "custom",
                "typography_font_family": "Heebo",
                "typography_font_size": {
                    "unit": "px",
                    "size": 42,
                    "sizes": []
                },
                "typography_font_weight": "800",
                "typography_text_transform": "uppercase",
                "typography_line_height": {
                    "unit": "em",
                    "size": 1,
                    "sizes": []
                },
                "_id": "a5e3a11",
                "title": "quote1",
                "typography_font_size_mobile": {
                    "unit": "px",
                    "size": 28,
                    "sizes": []
                }
            }
        ],
        "system_colors": [
            {
                "_id": "primary",
                "title": "Primary",
                "color": "#6EC1E4"
            },
            {
                "_id": "secondary",
                "title": "Secondary",
                "color": "#54595F"
            },
            {
                "_id": "text",
                "title": "Text",
                "color": "#7A7A7A"
            },
            {
                "_id": "accent",
                "title": "Accent",
                "color": "#61CE70"
            }
        ],
        "system_typography": [
            {
                "_id": "primary",
                "title": "Primary",
                "typography_typography": "custom",
                "typography_font_family": "Roboto",
                "typography_font_weight": "600"
            },
            {
                "_id": "secondary",
                "title": "Secondary",
                "typography_typography": "custom",
                "typography_font_family": "Roboto Slab",
                "typography_font_weight": "400"
            },
            {
                "_id": "text",
                "title": "Text",
                "typography_typography": "custom",
                "typography_font_family": "Heebo",
                "typography_font_weight": "300",
                "typography_font_size": {
                    "unit": "px",
                    "size": 16,
                    "sizes": []
                }
            },
            {
                "_id": "accent",
                "title": "Accent",
                "typography_typography": "custom",
                "typography_font_family": "Heebo",
                "typography_font_weight": "300",
                "typography_font_size": {
                    "unit": "px",
                    "size": 14,
                    "sizes": []
                }
            }
        ],
        "default_generic_fonts": "Sans-serif",
        "page_title_selector": "h1.entry-title",
        "activeItemIndex": 1,
        "viewport_md": 768,
        "viewport_lg": 1025,
        "body_color": "#7A7A7A",
        "body_typography_typography": "custom",
        "body_typography_font_family": "Heebo",
        "body_typography_font_size": {
            "unit": "px",
            "size": 16,
            "sizes": []
        },
        "body_typography_font_weight": "300",
        "link_normal_color": "#EB3749",
        "link_hover_color": "#000000",
        "h1_color": "#000000",
        "h1_typography_typography": "custom",
        "h1_typography_font_family": "Heebo",
        "h1_typography_font_size": {
            "unit": "px",
            "size": 62,
            "sizes": []
        },
        "h1_typography_font_weight": "700",
        "h2_color": "#000000",
        "h2_typography_typography": "custom",
        "h2_typography_font_family": "Heebo",
        "h2_typography_font_size": {
            "unit": "px",
            "size": 52,
            "sizes": []
        },
        "h2_typography_font_weight": "700",
        "h3_color": "#000000",
        "h3_typography_typography": "custom",
        "h3_typography_font_family": "Heebo",
        "h3_typography_font_size": {
            "unit": "px",
            "size": 32,
            "sizes": []
        },
        "h3_typography_font_weight": "700",
        "h4_color": "#000000",
        "h4_typography_typography": "custom",
        "h4_typography_font_family": "Heebo",
        "h4_typography_font_size": {
            "unit": "px",
            "size": 28,
            "sizes": []
        },
        "h4_typography_font_weight": "700",
        "h5_color": "#000000",
        "h5_typography_typography": "custom",
        "h5_typography_font_family": "Heebo",
        "h5_typography_font_size": {
            "unit": "px",
            "size": 24,
            "sizes": []
        },
        "h5_typography_font_weight": "700",
        "h6_color": "#000000",
        "h6_typography_typography": "custom",
        "h6_typography_font_family": "Heebo",
        "h6_typography_font_size": {
            "unit": "px",
            "size": 18,
            "sizes": []
        },
        "h6_typography_font_weight": "700",
        "button_typography_typography": "custom",
        "button_typography_font_family": "Lato",
        "button_typography_font_size": {
            "unit": "px",
            "size": 14,
            "sizes": []
        },
        "button_typography_font_weight": "400",
        "button_typography_text_transform": "uppercase",
        "button_typography_letter_spacing": {
            "unit": "px",
            "size": 0.8,
            "sizes": []
        },
        "button_text_color": "#FFFFFF",
        "button_background_color": "#000000",
        "button_border_border": "solid",
        "button_border_width": {
            "unit": "px",
            "top": "0",
            "right": "0",
            "bottom": "0",
            "left": "0",
            "isLinked": true
        },
        "button_border_radius": {
            "unit": "px",
            "top": "0",
            "right": "0",
            "bottom": "0",
            "left": "0",
            "isLinked": true
        },
        "button_padding": {
            "unit": "px",
            "top": "18",
            "right": "40",
            "bottom": "18",
            "left": "40",
            "isLinked": false
        },
        "form_label_color": "#000000",
        "form_label_typography_typography": "custom",
        "form_label_typography_font_family": "Heebo",
        "form_label_typography_font_size": {
            "unit": "px",
            "size": 18,
            "sizes": []
        },
        "form_label_typography_font_weight": "700",
        "form_label_typography_line_height": {
            "unit": "em",
            "size": 2.2,
            "sizes": []
        },
        "form_field_typography_typography": "custom",
        "form_field_typography_font_family": "Heebo",
        "form_field_typography_font_size": {
            "unit": "px",
            "size": 16,
            "sizes": []
        },
        "form_field_typography_font_weight": "300",
        "form_field_text_color": "#7A7A7A",
        "form_field_border_border": "solid",
        "form_field_border_color": "#E3E3E3",
        "form_field_border_radius": {
            "unit": "px",
            "top": "0",
            "right": "0",
            "bottom": "0",
            "left": "0",
            "isLinked": true
        },
        "__globals__": {
            "form_field_border_color": "",
            "form_field_text_color": "globals\/colors?id=text",
            "form_field_typography_typography": "",
            "form_label_typography_typography": "",
            "button_typography_typography": "",
            "body_color": "globals\/colors?id=text",
            "body_typography_typography": "",
            "link_normal_color": "globals\/colors?id=c276d2c"
        }
    }
}