{
    "version": "0.4",
    "title": "Metform &#8211; Contact Us",
    "type": "page",
    "metadata": {
        "template_type": "single-page",
        "include_in_zip": "1",
        "elementor_pro_required": null,
        "wp_page_template": "elementor_canvas"
    },
    "content": [
        {
            "id": "6c42db79",
            "settings": {
                "gap": "no",
                "background_background": "classic",
                "background_color": "#ffffff",
                "border_radius": {
                    "unit": "px",
                    "top": "5",
                    "right": "5",
                    "bottom": "5",
                    "left": "5",
                    "isLinked": true
                },
                "box_shadow_box_shadow_type": "yes",
                "box_shadow_box_shadow": {
                    "horizontal": 0,
                    "vertical": 5,
                    "blur": 20,
                    "spread": 0,
                    "color": "rgba(0,0,0,0.1)"
                },
                "padding": {
                    "unit": "px",
                    "top": "40",
                    "right": "40",
                    "bottom": "40",
                    "left": "40",
                    "isLinked": true
                },
                "padding_tablet": {
                    "unit": "px",
                    "top": "35",
                    "right": "15",
                    "bottom": "35",
                    "left": "15",
                    "isLinked": false
                },
                "padding_mobile": {
                    "unit": "px",
                    "top": "20",
                    "right": "20",
                    "bottom": "20",
                    "left": "20",
                    "isLinked": true
                }
            },
            "elements": [
                {
                    "id": "5a9b5f09",
                    "settings": {
                        "_column_size": 100
                    },
                    "elements": [
                        {
                            "id": "6202dcbd",
                            "settings": {
                                "gap": "extended"
                            },
                            "elements": [
                                {
                                    "id": "279995ba",
                                    "settings": {
                                        "_column_size": 100,
                                        "_inline_size": null
                                    },
                                    "elements": [
                                        {
                                            "id": "661cc3d4",
                                            "settings": {
                                                "mf_input_label": "First Name",
                                                "mf_input_name": "mf-first-name",
                                                "mf_input_placeholder": "Your Name",
                                                "mf_input_label_typography_typography": "custom",
                                                "mf_input_label_typography_font_family": "Helvetica",
                                                "mf_input_label_typography_font_size": {
                                                    "unit": "px",
                                                    "size": 18,
                                                    "sizes": []
                                                },
                                                "mf_input_label_typography_font_weight": "500",
                                                "mf_input_label_typography_line_height": {
                                                    "unit": "px",
                                                    "size": 21,
                                                    "sizes": []
                                                },
                                                "mf_input_min_length": 1,
                                                "mf_input_label_color": "#101010",
                                                "mf_input_label_margin": {
                                                    "unit": "px",
                                                    "top": "0",
                                                    "right": "0",
                                                    "bottom": "5",
                                                    "left": "0",
                                                    "isLinked": false
                                                },
                                                "mf_input_padding": {
                                                    "unit": "px",
                                                    "top": "15",
                                                    "right": "25",
                                                    "bottom": "15",
                                                    "left": "25",
                                                    "isLinked": false
                                                },
                                                "mf_input_color": "#101010",
                                                "mf_input_border_border": "solid",
                                                "mf_input_border_width": {
                                                    "unit": "px",
                                                    "top": "1",
                                                    "right": "1",
                                                    "bottom": "1",
                                                    "left": "1",
                                                    "isLinked": true
                                                },
                                                "mf_input_border_color": "#ededed",
                                                "mf_input_box_shadow_box_shadow": {
                                                    "horizontal": 0,
                                                    "vertical": 3,
                                                    "blur": 5,
                                                    "spread": 0,
                                                    "color": "rgba(0,0,0,0.05)"
                                                },
                                                "mf_input_placeholder_color": "#999999",
                                                "mf_input_help_text_typography_typography": "custom",
                                                "mf_input_help_text_typography_font_family": "Helvetica",
                                                "mf_input_help_text_typography_font_size": {
                                                    "unit": "px",
                                                    "size": 12,
                                                    "sizes": []
                                                },
                                                "mf_input_help_text_typography_font_weight": "400",
                                                "mf_input_help_text_typography_font_style": "italic",
                                                "mf_input_help_text_typography_line_height": {
                                                    "unit": "px",
                                                    "size": 14,
                                                    "sizes": []
                                                },
                                                "mf_input_help_text_padding": {
                                                    "unit": "px",
                                                    "top": "3",
                                                    "right": "0",
                                                    "bottom": "0",
                                                    "left": "0",
                                                    "isLinked": false
                                                },
                                                "mf_input_required": "",
                                                "mf_input_validation_warning_message": "This field is required.",
                                                "mf_input_required_indicator_color": "#FF0000",
                                                "mf_input_help_text_color": "#555555",
                                                "mf_input_label_status": "",
                                                "mf_input_background_background": "classic",
                                                "mf_input_background_color": "#FFFFFF00",
                                                "__globals__": {
                                                    "mf_input_place_holder_typography_typography": "",
                                                    "mf_input_typgraphy_typography": ""
                                                },
                                                "mf_input_typgraphy_typography": "custom",
                                                "mf_input_typgraphy_font_family": "Heebo",
                                                "mf_input_typgraphy_font_size": {
                                                    "unit": "px",
                                                    "size": 16,
                                                    "sizes": []
                                                },
                                                "mf_input_typgraphy_font_weight": "300",
                                                "mf_input_place_holder_typography_typography": "custom",
                                                "mf_input_place_holder_typography_font_family": "Heebo",
                                                "mf_input_place_holder_typography_font_size": {
                                                    "unit": "px",
                                                    "size": 16,
                                                    "sizes": []
                                                },
                                                "mf_input_place_holder_typography_font_weight": "300"
                                            },
                                            "elements": [],
                                            "isInner": false,
                                            "widgetType": "mf-text",
                                            "elType": "widget"
                                        }
                                    ],
                                    "isInner": true,
                                    "elType": "column"
                                }
                            ],
                            "isInner": true,
                            "elType": "section"
                        },
                        {
                            "id": "8d04f44",
                            "settings": {
                                "gap": "extended"
                            },
                            "elements": [
                                {
                                    "id": "7eb0c96f",
                                    "settings": {
                                        "_column_size": 100,
                                        "_inline_size": null,
                                        "margin": {
                                            "unit": "px",
                                            "top": "7",
                                            "right": "0",
                                            "bottom": "0",
                                            "left": "0",
                                            "isLinked": false
                                        }
                                    },
                                    "elements": [
                                        {
                                            "id": "5e531c74",
                                            "settings": {
                                                "mf_input_label": "Email Address",
                                                "mf_input_name": "mf-email",
                                                "mf_input_placeholder": "Your Email",
                                                "mf_input_required": "",
                                                "mf_input_label_color": "#101010",
                                                "mf_input_label_typography_typography": "custom",
                                                "mf_input_label_typography_font_family": "Helvetica",
                                                "mf_input_label_typography_font_size": {
                                                    "unit": "px",
                                                    "size": 18,
                                                    "sizes": []
                                                },
                                                "mf_input_label_typography_font_weight": "500",
                                                "mf_input_label_typography_line_height": {
                                                    "unit": "px",
                                                    "size": 21,
                                                    "sizes": []
                                                },
                                                "mf_input_label_margin": {
                                                    "unit": "px",
                                                    "top": "0",
                                                    "right": "0",
                                                    "bottom": "5",
                                                    "left": "0",
                                                    "isLinked": false
                                                },
                                                "mf_input_padding": {
                                                    "unit": "px",
                                                    "top": "15",
                                                    "right": "25",
                                                    "bottom": "15",
                                                    "left": "25",
                                                    "isLinked": false
                                                },
                                                "mf_input_color": "#101010",
                                                "mf_input_border_border": "solid",
                                                "mf_input_border_width": {
                                                    "unit": "px",
                                                    "top": "1",
                                                    "right": "1",
                                                    "bottom": "1",
                                                    "left": "1",
                                                    "isLinked": true
                                                },
                                                "mf_input_border_color": "#ededed",
                                                "mf_input_box_shadow_box_shadow": {
                                                    "horizontal": 0,
                                                    "vertical": 3,
                                                    "blur": 5,
                                                    "spread": 0,
                                                    "color": "rgba(0,0,0,0.05)"
                                                },
                                                "mf_input_placeholder_color": "#999999",
                                                "mf_input_help_text_typography_typography": "custom",
                                                "mf_input_help_text_typography_font_family": "Helvetica",
                                                "mf_input_help_text_typography_font_size": {
                                                    "unit": "px",
                                                    "size": 12,
                                                    "sizes": []
                                                },
                                                "mf_input_help_text_typography_font_weight": "400",
                                                "mf_input_help_text_typography_font_style": "italic",
                                                "mf_input_help_text_typography_line_height": {
                                                    "unit": "px",
                                                    "size": 14,
                                                    "sizes": []
                                                },
                                                "mf_input_help_text_padding": {
                                                    "unit": "px",
                                                    "top": "3",
                                                    "right": "0",
                                                    "bottom": "0",
                                                    "left": "0",
                                                    "isLinked": false
                                                },
                                                "mf_input_validation_warning_message": "This field is required.",
                                                "mf_input_required_indicator_color": "#FF0000",
                                                "mf_input_help_text_color": "#555555",
                                                "mf_input_label_status": "",
                                                "mf_input_background_background": "classic",
                                                "mf_input_background_color": "#FFFFFF00",
                                                "__globals__": {
                                                    "mf_input_place_holder_typography_typography": "",
                                                    "mf_input_typgraphy_typography": ""
                                                },
                                                "mf_input_typgraphy_typography": "custom",
                                                "mf_input_typgraphy_font_family": "Heebo",
                                                "mf_input_typgraphy_font_size": {
                                                    "unit": "px",
                                                    "size": 16,
                                                    "sizes": []
                                                },
                                                "mf_input_typgraphy_font_weight": "300",
                                                "mf_input_place_holder_typography_typography": "custom",
                                                "mf_input_place_holder_typography_font_family": "Heebo",
                                                "mf_input_place_holder_typography_font_size": {
                                                    "unit": "px",
                                                    "size": 16,
                                                    "sizes": []
                                                },
                                                "mf_input_place_holder_typography_font_weight": "300"
                                            },
                                            "elements": [],
                                            "isInner": false,
                                            "widgetType": "mf-email",
                                            "elType": "widget"
                                        }
                                    ],
                                    "isInner": true,
                                    "elType": "column"
                                }
                            ],
                            "isInner": true,
                            "elType": "section"
                        },
                        {
                            "id": "145d7af6",
                            "settings": {
                                "gap": "extended"
                            },
                            "elements": [
                                {
                                    "id": "5c1f5817",
                                    "settings": {
                                        "_column_size": 100,
                                        "_inline_size": null,
                                        "margin": {
                                            "unit": "px",
                                            "top": "7",
                                            "right": "0",
                                            "bottom": "0",
                                            "left": "0",
                                            "isLinked": false
                                        }
                                    },
                                    "elements": [
                                        {
                                            "id": "1c46440d",
                                            "settings": {
                                                "mf_input_label": "Subject",
                                                "mf_input_name": "mf-subject",
                                                "mf_input_placeholder": "Your Subject",
                                                "mf_input_required": "",
                                                "mf_input_label_color": "#101010",
                                                "mf_input_label_typography_typography": "custom",
                                                "mf_input_label_typography_font_family": "Helvetica",
                                                "mf_input_label_typography_font_size": {
                                                    "unit": "px",
                                                    "size": 18,
                                                    "sizes": []
                                                },
                                                "mf_input_label_typography_font_weight": "500",
                                                "mf_input_label_typography_line_height": {
                                                    "unit": "px",
                                                    "size": 21,
                                                    "sizes": []
                                                },
                                                "mf_input_label_margin": {
                                                    "unit": "px",
                                                    "top": "0",
                                                    "right": "0",
                                                    "bottom": "5",
                                                    "left": "0",
                                                    "isLinked": false
                                                },
                                                "mf_input_padding": {
                                                    "unit": "px",
                                                    "top": "15",
                                                    "right": "25",
                                                    "bottom": "15",
                                                    "left": "25",
                                                    "isLinked": false
                                                },
                                                "mf_input_color": "#101010",
                                                "mf_input_border_border": "solid",
                                                "mf_input_border_width": {
                                                    "unit": "px",
                                                    "top": "1",
                                                    "right": "1",
                                                    "bottom": "1",
                                                    "left": "1",
                                                    "isLinked": true
                                                },
                                                "mf_input_border_color": "#ededed",
                                                "mf_input_box_shadow_box_shadow": {
                                                    "horizontal": 0,
                                                    "vertical": 3,
                                                    "blur": 5,
                                                    "spread": 0,
                                                    "color": "rgba(0,0,0,0.05)"
                                                },
                                                "mf_input_placeholder_color": "#999999",
                                                "mf_input_help_text_typography_typography": "custom",
                                                "mf_input_help_text_typography_font_family": "Helvetica",
                                                "mf_input_help_text_typography_font_size": {
                                                    "unit": "px",
                                                    "size": 12,
                                                    "sizes": []
                                                },
                                                "mf_input_help_text_typography_font_weight": "400",
                                                "mf_input_help_text_typography_font_style": "italic",
                                                "mf_input_help_text_typography_line_height": {
                                                    "unit": "px",
                                                    "size": 14,
                                                    "sizes": []
                                                },
                                                "mf_input_help_text_padding": {
                                                    "unit": "px",
                                                    "top": "3",
                                                    "right": "0",
                                                    "bottom": "0",
                                                    "left": "0",
                                                    "isLinked": false
                                                },
                                                "mf_input_validation_warning_message": "This field is required.",
                                                "mf_input_required_indicator_color": "#FF0000",
                                                "mf_input_help_text_color": "#555555",
                                                "mf_input_label_status": "",
                                                "mf_input_background_background": "classic",
                                                "mf_input_background_color": "#FFFFFF00",
                                                "__globals__": {
                                                    "mf_input_place_holder_typography_typography": "",
                                                    "mf_input_typgraphy_typography": ""
                                                },
                                                "mf_input_typgraphy_typography": "custom",
                                                "mf_input_typgraphy_font_family": "Heebo",
                                                "mf_input_typgraphy_font_size": {
                                                    "unit": "px",
                                                    "size": 16,
                                                    "sizes": []
                                                },
                                                "mf_input_typgraphy_font_weight": "300",
                                                "mf_input_place_holder_typography_typography": "custom",
                                                "mf_input_place_holder_typography_font_family": "Heebo",
                                                "mf_input_place_holder_typography_font_size": {
                                                    "unit": "px",
                                                    "size": 16,
                                                    "sizes": []
                                                },
                                                "mf_input_place_holder_typography_font_weight": "300"
                                            },
                                            "elements": [],
                                            "isInner": false,
                                            "widgetType": "mf-text",
                                            "elType": "widget"
                                        }
                                    ],
                                    "isInner": true,
                                    "elType": "column"
                                }
                            ],
                            "isInner": true,
                            "elType": "section"
                        },
                        {
                            "id": "1580891b",
                            "settings": {
                                "gap": "extended"
                            },
                            "elements": [
                                {
                                    "id": "544491a4",
                                    "settings": {
                                        "_column_size": 100,
                                        "_inline_size": null,
                                        "space_between_widgets": 0,
                                        "margin": {
                                            "unit": "px",
                                            "top": "7",
                                            "right": "0",
                                            "bottom": "0",
                                            "left": "0",
                                            "isLinked": false
                                        }
                                    },
                                    "elements": [
                                        {
                                            "id": "677a5a9c",
                                            "settings": {
                                                "mf_input_label": "Comments \/ Questions",
                                                "mf_input_name": "mf-comment",
                                                "mf_input_placeholder": "Your Message",
                                                "mf_input_required": "",
                                                "mf_input_label_color": "#101010",
                                                "mf_input_label_typography_typography": "custom",
                                                "mf_input_label_typography_font_family": "Helvetica",
                                                "mf_input_label_typography_font_size": {
                                                    "unit": "px",
                                                    "size": 18,
                                                    "sizes": []
                                                },
                                                "mf_input_label_typography_font_weight": "500",
                                                "mf_input_label_typography_line_height": {
                                                    "unit": "px",
                                                    "size": 21,
                                                    "sizes": []
                                                },
                                                "mf_input_label_margin": {
                                                    "unit": "px",
                                                    "top": "0",
                                                    "right": "0",
                                                    "bottom": "5",
                                                    "left": "0",
                                                    "isLinked": false
                                                },
                                                "mf_input_padding": {
                                                    "unit": "px",
                                                    "top": "15",
                                                    "right": "25",
                                                    "bottom": "15",
                                                    "left": "25",
                                                    "isLinked": false
                                                },
                                                "mf_input_color": "#101010",
                                                "mf_input_border_border": "solid",
                                                "mf_input_border_width": {
                                                    "unit": "px",
                                                    "top": "1",
                                                    "right": "1",
                                                    "bottom": "1",
                                                    "left": "1",
                                                    "isLinked": true
                                                },
                                                "mf_input_border_color": "#ededed",
                                                "mf_input_box_shadow_box_shadow": {
                                                    "horizontal": 0,
                                                    "vertical": 3,
                                                    "blur": 5,
                                                    "spread": 0,
                                                    "color": "rgba(0,0,0,0.05)"
                                                },
                                                "mf_input_placeholder_color": "#999999",
                                                "mf_input_help_text_typography_typography": "custom",
                                                "mf_input_help_text_typography_font_family": "Helvetica",
                                                "mf_input_help_text_typography_font_size": {
                                                    "unit": "px",
                                                    "size": 12,
                                                    "sizes": []
                                                },
                                                "mf_input_help_text_typography_font_weight": "400",
                                                "mf_input_help_text_typography_font_style": "italic",
                                                "mf_input_help_text_typography_line_height": {
                                                    "unit": "px",
                                                    "size": 14,
                                                    "sizes": []
                                                },
                                                "mf_input_help_text_padding": {
                                                    "unit": "px",
                                                    "top": "3",
                                                    "right": "0",
                                                    "bottom": "0",
                                                    "left": "0",
                                                    "isLinked": false
                                                },
                                                "mf_textarea_field_height": {
                                                    "unit": "px",
                                                    "size": 140,
                                                    "sizes": []
                                                },
                                                "mf_input_validation_warning_message": "This field is required.",
                                                "mf_input_required_indicator_color": "#FF0000",
                                                "mf_input_help_text_color": "#555555",
                                                "mf_input_label_status": "",
                                                "mf_input_background_background": "classic",
                                                "mf_input_background_color": "#FFFFFF00",
                                                "__globals__": {
                                                    "mf_input_place_holder_typography_typography": "",
                                                    "mf_input_typgraphy_typography": ""
                                                },
                                                "mf_input_typgraphy_typography": "custom",
                                                "mf_input_typgraphy_font_family": "Heebo",
                                                "mf_input_typgraphy_font_size": {
                                                    "unit": "px",
                                                    "size": 16,
                                                    "sizes": []
                                                },
                                                "mf_input_typgraphy_font_weight": "300",
                                                "mf_input_place_holder_typography_typography": "custom",
                                                "mf_input_place_holder_typography_font_family": "Heebo",
                                                "mf_input_place_holder_typography_font_size": {
                                                    "unit": "px",
                                                    "size": 16,
                                                    "sizes": []
                                                },
                                                "mf_input_place_holder_typography_font_weight": "300"
                                            },
                                            "elements": [],
                                            "isInner": false,
                                            "widgetType": "mf-textarea",
                                            "elType": "widget"
                                        },
                                        {
                                            "id": "3979e85",
                                            "settings": {
                                                "mf_btn_text": "Send Message",
                                                "mf_btn_align": "left",
                                                "mf_btn_text_padding": {
                                                    "unit": "px",
                                                    "top": "20",
                                                    "right": "40",
                                                    "bottom": "20",
                                                    "left": "40",
                                                    "isLinked": false
                                                },
                                                "mf_btn_bg_color_background": "classic",
                                                "mf_btn_box_shadow_group_box_shadow_type": "yes",
                                                "mf_btn_box_shadow_group_box_shadow": {
                                                    "horizontal": 0,
                                                    "vertical": 0,
                                                    "blur": 0,
                                                    "spread": 0,
                                                    "color": "rgba(66,133,244,0.3)"
                                                },
                                                "_margin": {
                                                    "unit": "px",
                                                    "top": "40",
                                                    "right": "0",
                                                    "bottom": "0",
                                                    "left": "0",
                                                    "isLinked": false
                                                },
                                                "mf_hidden_input": [],
                                                "mf_btn_border_radius": {
                                                    "unit": "px",
                                                    "top": "0",
                                                    "right": "0",
                                                    "bottom": "0",
                                                    "left": "0",
                                                    "isLinked": true
                                                },
                                                "__globals__": {
                                                    "mf_btn_bg_color_color": "",
                                                    "mf_btn_typography_typography": "globals\/typography?id=57b62a2"
                                                },
                                                "mf_btn_bg_color_color": "#000000"
                                            },
                                            "elements": [],
                                            "isInner": false,
                                            "widgetType": "mf-button",
                                            "elType": "widget"
                                        }
                                    ],
                                    "isInner": true,
                                    "elType": "column"
                                }
                            ],
                            "isInner": true,
                            "elType": "section"
                        }
                    ],
                    "isInner": false,
                    "elType": "column"
                }
            ],
            "isInner": false,
            "elType": "section"
        }
    ]
}