{
    "version": "0.4",
    "title": "Service Detail",
    "type": "page",
    "metadata": {
        "template_type": "single-page",
        "include_in_zip": "1",
        "elementor_pro_required": null,
        "wp_page_template": "elementor_canvas"
    },
    "content": [
        {
            "id": "30d838c5",
            "settings": {
                "layout": "full_width",
                "gap": "no",
                "background_background": "classic",
                "background_image": {
                    "url": "https:\/\/templatekit.jegtheme.com\/troof\/wp-content\/uploads\/sites\/118\/2021\/07\/selective-focus-of-building-with-windows-near-rooftop.jpg",
                    "id": 70
                },
                "background_position": "center center",
                "background_size": "cover",
                "background_slideshow_gallery": [
                    {
                        "id": 70,
                        "url": "https:\/\/templatekit.jegtheme.com\/troof\/wp-content\/uploads\/sites\/118\/2021\/07\/selective-focus-of-building-with-windows-near-rooftop.jpg"
                    },
                    {
                        "id": 48,
                        "url": "https:\/\/templatekit.jegtheme.com\/troof\/wp-content\/uploads\/sites\/118\/2021\/07\/repairman-in-helmet-holding-hammer-while-repairing-roof.jpg"
                    },
                    {
                        "id": 77,
                        "url": "https:\/\/templatekit.jegtheme.com\/troof\/wp-content\/uploads\/sites\/118\/2021\/07\/back-view-of-handyman-in-uniform-and-helmet-repairing-roof-while-standing-on-ladder.jpg"
                    }
                ],
                "background_slideshow_background_size": "cover",
                "background_slideshow_background_position": "center center",
                "background_slideshow_ken_burns": "yes",
                "background_overlay_background": "gradient",
                "background_overlay_color": "#0000008F",
                "background_overlay_color_stop": {
                    "unit": "%",
                    "size": 93,
                    "sizes": []
                },
                "background_overlay_color_b": "#FFFFFF",
                "background_overlay_color_b_stop": {
                    "unit": "%",
                    "size": 0,
                    "sizes": []
                },
                "background_overlay_gradient_angle": {
                    "unit": "deg",
                    "size": 140,
                    "sizes": []
                },
                "background_overlay_opacity": {
                    "unit": "px",
                    "size": 1,
                    "sizes": []
                },
                "border_border": "solid",
                "border_width": {
                    "unit": "px",
                    "top": "20",
                    "right": "50",
                    "bottom": "0",
                    "left": "50",
                    "isLinked": false
                },
                "border_color": "#FFFFFF",
                "margin": {
                    "unit": "px",
                    "top": "0",
                    "right": 0,
                    "bottom": "0",
                    "left": 0,
                    "isLinked": false
                },
                "padding": {
                    "unit": "px",
                    "top": "130",
                    "right": "0",
                    "bottom": "130",
                    "left": "0",
                    "isLinked": false
                },
                "border_width_tablet": {
                    "unit": "px",
                    "top": "20",
                    "right": "20",
                    "bottom": "20",
                    "left": "20",
                    "isLinked": true
                },
                "border_width_mobile": {
                    "unit": "px",
                    "top": "10",
                    "right": "10",
                    "bottom": "10",
                    "left": "10",
                    "isLinked": true
                }
            },
            "elements": [
                {
                    "id": "5f664312",
                    "settings": {
                        "_column_size": 100,
                        "_inline_size": null
                    },
                    "elements": [
                        {
                            "id": "4ddccdde",
                            "settings": {
                                "content_width": {
                                    "unit": "px",
                                    "size": 600,
                                    "sizes": []
                                },
                                "gap": "no"
                            },
                            "elements": [
                                {
                                    "id": "1e63a5ab",
                                    "settings": {
                                        "_column_size": 100,
                                        "_inline_size": null,
                                        "padding_mobile": {
                                            "unit": "px",
                                            "top": "0",
                                            "right": "10",
                                            "bottom": "0",
                                            "left": "10",
                                            "isLinked": false
                                        }
                                    },
                                    "elements": [
                                        {
                                            "id": "63feda5",
                                            "settings": {
                                                "title": "Roofing Service",
                                                "align": "center",
                                                "title_color": "#FFFFFF",
                                                "__globals__": {
                                                    "title_color": "",
                                                    "typography_typography": "globals\/typography?id=6dac344"
                                                }
                                            },
                                            "elements": [],
                                            "isInner": false,
                                            "widgetType": "heading",
                                            "elType": "widget"
                                        },
                                        {
                                            "id": "687c39cc",
                                            "settings": {
                                                "view": "inline",
                                                "icon_list": [
                                                    {
                                                        "text": "Installation",
                                                        "selected_icon": {
                                                            "value": "",
                                                            "library": ""
                                                        },
                                                        "_id": "d5b63d0"
                                                    },
                                                    {
                                                        "text": "Fixing",
                                                        "selected_icon": {
                                                            "value": "",
                                                            "library": ""
                                                        },
                                                        "_id": "5793883"
                                                    },
                                                    {
                                                        "text": "Maintenance",
                                                        "selected_icon": {
                                                            "value": "",
                                                            "library": ""
                                                        },
                                                        "_id": "53dab47"
                                                    }
                                                ],
                                                "space_between": {
                                                    "unit": "px",
                                                    "size": 40,
                                                    "sizes": []
                                                },
                                                "icon_align": "center",
                                                "divider": "yes",
                                                "divider_height": {
                                                    "unit": "%",
                                                    "size": 100,
                                                    "sizes": []
                                                },
                                                "divider_color": "#FFFFFF",
                                                "text_color": "#FFFFFF",
                                                "__globals__": {
                                                    "icon_typography_typography": "globals\/typography?id=57b62a2",
                                                    "text_color_hover": "globals\/colors?id=c276d2c"
                                                }
                                            },
                                            "elements": [],
                                            "isInner": false,
                                            "widgetType": "icon-list",
                                            "elType": "widget"
                                        },
                                        {
                                            "id": "6d26e43e",
                                            "settings": {
                                                "align": "center",
                                                "text_color": "#FFFFFF",
                                                "__globals__": {
                                                    "typography_typography": "globals\/typography?id=text"
                                                }
                                            },
                                            "elements": [],
                                            "isInner": false,
                                            "widgetType": "text-editor",
                                            "elType": "widget"
                                        }
                                    ],
                                    "isInner": true,
                                    "elType": "column"
                                }
                            ],
                            "isInner": true,
                            "elType": "section"
                        }
                    ],
                    "isInner": false,
                    "elType": "column"
                }
            ],
            "isInner": false,
            "elType": "section"
        },
        {
            "id": "675cb767",
            "settings": {
                "gap": "no",
                "structure": "20",
                "padding": {
                    "unit": "px",
                    "top": "100",
                    "right": "0",
                    "bottom": "40",
                    "left": "0",
                    "isLinked": false
                },
                "padding_tablet": {
                    "unit": "px",
                    "top": "40",
                    "right": "20",
                    "bottom": "40",
                    "left": "20",
                    "isLinked": false
                },
                "jet_sticky_section_sticky": "",
                "jet_sticky_section_sticky_visibility": [
                    "desktop",
                    "tablet",
                    "mobile"
                ],
                "jet_sticky_section_sticky_z_index": "",
                "jet_sticky_section_sticky_max_width": {
                    "unit": "px",
                    "size": "",
                    "sizes": []
                },
                "jet_sticky_section_sticky_margin": {
                    "unit": "px",
                    "top": "",
                    "right": "",
                    "bottom": "",
                    "left": "",
                    "isLinked": true
                },
                "jet_sticky_section_sticky_margin_tablet": {
                    "unit": "px",
                    "top": "",
                    "right": "",
                    "bottom": "",
                    "left": "",
                    "isLinked": true
                },
                "jet_sticky_section_sticky_margin_mobile": {
                    "unit": "px",
                    "top": "",
                    "right": "",
                    "bottom": "",
                    "left": "",
                    "isLinked": true
                },
                "jet_sticky_section_sticky_padding": {
                    "unit": "px",
                    "top": "",
                    "right": "",
                    "bottom": "",
                    "left": "",
                    "isLinked": true
                },
                "jet_sticky_section_sticky_padding_tablet": {
                    "unit": "px",
                    "top": "",
                    "right": "",
                    "bottom": "",
                    "left": "",
                    "isLinked": true
                },
                "jet_sticky_section_sticky_padding_mobile": {
                    "unit": "px",
                    "top": "",
                    "right": "",
                    "bottom": "",
                    "left": "",
                    "isLinked": true
                },
                "jet_sticky_section_sticky_background_background": "",
                "jet_sticky_section_sticky_background_color": "",
                "jet_sticky_section_sticky_background_color_stop": {
                    "unit": "%",
                    "size": 0,
                    "sizes": []
                },
                "jet_sticky_section_sticky_background_color_b": "#f2295b",
                "jet_sticky_section_sticky_background_color_b_stop": {
                    "unit": "%",
                    "size": 100,
                    "sizes": []
                },
                "jet_sticky_section_sticky_background_gradient_type": "linear",
                "jet_sticky_section_sticky_background_gradient_angle": {
                    "unit": "deg",
                    "size": 180,
                    "sizes": []
                },
                "jet_sticky_section_sticky_background_gradient_position": "center center",
                "jet_sticky_section_sticky_background_image": {
                    "url": "",
                    "id": ""
                },
                "jet_sticky_section_sticky_background_image_tablet": {
                    "url": "",
                    "id": ""
                },
                "jet_sticky_section_sticky_background_image_mobile": {
                    "url": "",
                    "id": ""
                },
                "jet_sticky_section_sticky_background_position": "",
                "jet_sticky_section_sticky_background_position_tablet": "",
                "jet_sticky_section_sticky_background_position_mobile": "",
                "jet_sticky_section_sticky_background_xpos": {
                    "unit": "px",
                    "size": 0,
                    "sizes": []
                },
                "jet_sticky_section_sticky_background_xpos_tablet": {
                    "unit": "px",
                    "size": 0,
                    "sizes": []
                },
                "jet_sticky_section_sticky_background_xpos_mobile": {
                    "unit": "px",
                    "size": 0,
                    "sizes": []
                },
                "jet_sticky_section_sticky_background_ypos": {
                    "unit": "px",
                    "size": 0,
                    "sizes": []
                },
                "jet_sticky_section_sticky_background_ypos_tablet": {
                    "unit": "px",
                    "size": 0,
                    "sizes": []
                },
                "jet_sticky_section_sticky_background_ypos_mobile": {
                    "unit": "px",
                    "size": 0,
                    "sizes": []
                },
                "jet_sticky_section_sticky_background_attachment": "",
                "jet_sticky_section_sticky_background_repeat": "",
                "jet_sticky_section_sticky_background_repeat_tablet": "",
                "jet_sticky_section_sticky_background_repeat_mobile": "",
                "jet_sticky_section_sticky_background_size": "",
                "jet_sticky_section_sticky_background_size_tablet": "",
                "jet_sticky_section_sticky_background_size_mobile": "",
                "jet_sticky_section_sticky_background_bg_width": {
                    "unit": "%",
                    "size": 100,
                    "sizes": []
                },
                "jet_sticky_section_sticky_background_bg_width_tablet": {
                    "unit": "px",
                    "size": "",
                    "sizes": []
                },
                "jet_sticky_section_sticky_background_bg_width_mobile": {
                    "unit": "px",
                    "size": "",
                    "sizes": []
                },
                "jet_sticky_section_sticky_background_video_link": "",
                "jet_sticky_section_sticky_background_video_start": "",
                "jet_sticky_section_sticky_background_video_end": "",
                "jet_sticky_section_sticky_background_play_once": "",
                "jet_sticky_section_sticky_background_play_on_mobile": "",
                "jet_sticky_section_sticky_background_privacy_mode": "",
                "jet_sticky_section_sticky_background_video_fallback": {
                    "url": "",
                    "id": ""
                },
                "jet_sticky_section_sticky_background_slideshow_gallery": [],
                "jet_sticky_section_sticky_background_slideshow_loop": "yes",
                "jet_sticky_section_sticky_background_slideshow_slide_duration": 5000,
                "jet_sticky_section_sticky_background_slideshow_slide_transition": "fade",
                "jet_sticky_section_sticky_background_slideshow_transition_duration": 500,
                "jet_sticky_section_sticky_background_slideshow_background_size": "",
                "jet_sticky_section_sticky_background_slideshow_background_size_tablet": "",
                "jet_sticky_section_sticky_background_slideshow_background_size_mobile": "",
                "jet_sticky_section_sticky_background_slideshow_background_position": "",
                "jet_sticky_section_sticky_background_slideshow_background_position_tablet": "",
                "jet_sticky_section_sticky_background_slideshow_background_position_mobile": "",
                "jet_sticky_section_sticky_background_slideshow_ken_burns": "",
                "jet_sticky_section_sticky_background_slideshow_ken_burns_zoom_direction": "in",
                "jet_sticky_section_sticky_box_shadow_box_shadow_type": "",
                "jet_sticky_section_sticky_box_shadow_box_shadow": {
                    "horizontal": 0,
                    "vertical": 0,
                    "blur": 10,
                    "spread": 0,
                    "color": "rgba(0,0,0,0.5)"
                },
                "jet_sticky_section_sticky_box_shadow_box_shadow_position": " ",
                "jet_sticky_section_sticky_transition": {
                    "unit": "px",
                    "size": 0.1,
                    "sizes": []
                },
                "ekit_has_onepagescroll": "",
                "ekit_has_onepagescroll_dot": "yes",
                "ekit_onepagescroll_tooltip_text": "",
                "ekit_control_get_pro": "1",
                "padding_mobile": {
                    "unit": "px",
                    "top": "30",
                    "right": "10",
                    "bottom": "30",
                    "left": "10",
                    "isLinked": false
                },
                "content_width": {
                    "unit": "px",
                    "size": 1180,
                    "sizes": []
                }
            },
            "elements": [
                {
                    "id": "7676a435",
                    "settings": {
                        "_column_size": 50,
                        "_inline_size": 65,
                        "margin": {
                            "unit": "px",
                            "top": "0",
                            "right": "30",
                            "bottom": "0",
                            "left": "0",
                            "isLinked": false
                        },
                        "margin_mobile": {
                            "unit": "px",
                            "top": "0",
                            "right": "0",
                            "bottom": "0",
                            "left": "0",
                            "isLinked": false
                        },
                        "jet_sticky_column_sticky_enable": "false",
                        "jet_sticky_column_sticky_top_spacing": 50,
                        "jet_sticky_column_sticky_bottom_spacing": 50,
                        "jet_sticky_column_sticky_enable_on": [
                            "desktop",
                            "tablet"
                        ],
                        "background_background": "classic",
                        "background_image": {
                            "url": "https:\/\/templatekit.jegtheme.com\/troof\/wp-content\/uploads\/sites\/118\/2021\/07\/cropped-view-of-handyman-in-uniform-holding-hammer-while-repairing-roof.jpg",
                            "id": 630
                        },
                        "background_size": "cover"
                    },
                    "elements": [
                        {
                            "id": "4e0fc6ff",
                            "settings": {
                                "space_mobile": {
                                    "unit": "px",
                                    "size": 200,
                                    "sizes": []
                                }
                            },
                            "elements": [],
                            "isInner": false,
                            "widgetType": "spacer",
                            "elType": "widget"
                        }
                    ],
                    "isInner": false,
                    "elType": "column"
                },
                {
                    "id": "285f2710",
                    "settings": {
                        "_column_size": 50,
                        "_inline_size": 34.956,
                        "margin": {
                            "unit": "px",
                            "top": "0",
                            "right": "0",
                            "bottom": "0",
                            "left": "0",
                            "isLinked": false
                        },
                        "margin_mobile": {
                            "unit": "px",
                            "top": "20",
                            "right": "0",
                            "bottom": "0",
                            "left": "0",
                            "isLinked": false
                        },
                        "padding_mobile": {
                            "unit": "px",
                            "top": "0",
                            "right": "0",
                            "bottom": "0",
                            "left": "0",
                            "isLinked": false
                        },
                        "jet_sticky_column_sticky_enable": "false",
                        "jet_sticky_column_sticky_top_spacing": 50,
                        "jet_sticky_column_sticky_bottom_spacing": 50,
                        "jet_sticky_column_sticky_enable_on": [
                            "desktop",
                            "tablet"
                        ],
                        "background_background": "classic",
                        "background_image": {
                            "url": "https:\/\/templatekit.jegtheme.com\/troof\/wp-content\/uploads\/sites\/118\/2021\/07\/handsome-repairman-sitting-on-roof-and-holding-toolbox-near-coworker-in-helmet.jpg",
                            "id": 626
                        },
                        "background_position": "initial",
                        "background_repeat": "no-repeat",
                        "background_size": "cover",
                        "background_xpos": {
                            "unit": "px",
                            "size": -58,
                            "sizes": []
                        },
                        "background_position_tablet": "initial",
                        "background_xpos_tablet": {
                            "unit": "px",
                            "size": -158,
                            "sizes": []
                        }
                    },
                    "elements": [
                        {
                            "id": "5fc0dd74",
                            "settings": {
                                "space": {
                                    "unit": "px",
                                    "size": 493,
                                    "sizes": []
                                }
                            },
                            "elements": [],
                            "isInner": false,
                            "widgetType": "spacer",
                            "elType": "widget"
                        }
                    ],
                    "isInner": false,
                    "elType": "column"
                }
            ],
            "isInner": false,
            "elType": "section"
        },
        {
            "id": "2ee5478c",
            "settings": {
                "gap": "no",
                "structure": "20",
                "padding": {
                    "unit": "px",
                    "top": "0",
                    "right": "0",
                    "bottom": "120",
                    "left": "0",
                    "isLinked": false
                },
                "padding_tablet": {
                    "unit": "px",
                    "top": "0",
                    "right": "20",
                    "bottom": "60",
                    "left": "20",
                    "isLinked": false
                },
                "jet_sticky_section_sticky": "",
                "jet_sticky_section_sticky_visibility": [
                    "desktop",
                    "tablet",
                    "mobile"
                ],
                "jet_sticky_section_sticky_z_index": "",
                "jet_sticky_section_sticky_max_width": {
                    "unit": "px",
                    "size": "",
                    "sizes": []
                },
                "jet_sticky_section_sticky_margin": {
                    "unit": "px",
                    "top": "",
                    "right": "",
                    "bottom": "",
                    "left": "",
                    "isLinked": true
                },
                "jet_sticky_section_sticky_margin_tablet": {
                    "unit": "px",
                    "top": "",
                    "right": "",
                    "bottom": "",
                    "left": "",
                    "isLinked": true
                },
                "jet_sticky_section_sticky_margin_mobile": {
                    "unit": "px",
                    "top": "",
                    "right": "",
                    "bottom": "",
                    "left": "",
                    "isLinked": true
                },
                "jet_sticky_section_sticky_padding": {
                    "unit": "px",
                    "top": "",
                    "right": "",
                    "bottom": "",
                    "left": "",
                    "isLinked": true
                },
                "jet_sticky_section_sticky_padding_tablet": {
                    "unit": "px",
                    "top": "",
                    "right": "",
                    "bottom": "",
                    "left": "",
                    "isLinked": true
                },
                "jet_sticky_section_sticky_padding_mobile": {
                    "unit": "px",
                    "top": "",
                    "right": "",
                    "bottom": "",
                    "left": "",
                    "isLinked": true
                },
                "jet_sticky_section_sticky_background_background": "",
                "jet_sticky_section_sticky_background_color": "",
                "jet_sticky_section_sticky_background_color_stop": {
                    "unit": "%",
                    "size": 0,
                    "sizes": []
                },
                "jet_sticky_section_sticky_background_color_b": "#f2295b",
                "jet_sticky_section_sticky_background_color_b_stop": {
                    "unit": "%",
                    "size": 100,
                    "sizes": []
                },
                "jet_sticky_section_sticky_background_gradient_type": "linear",
                "jet_sticky_section_sticky_background_gradient_angle": {
                    "unit": "deg",
                    "size": 180,
                    "sizes": []
                },
                "jet_sticky_section_sticky_background_gradient_position": "center center",
                "jet_sticky_section_sticky_background_image": {
                    "url": "",
                    "id": ""
                },
                "jet_sticky_section_sticky_background_image_tablet": {
                    "url": "",
                    "id": ""
                },
                "jet_sticky_section_sticky_background_image_mobile": {
                    "url": "",
                    "id": ""
                },
                "jet_sticky_section_sticky_background_position": "",
                "jet_sticky_section_sticky_background_position_tablet": "",
                "jet_sticky_section_sticky_background_position_mobile": "",
                "jet_sticky_section_sticky_background_xpos": {
                    "unit": "px",
                    "size": 0,
                    "sizes": []
                },
                "jet_sticky_section_sticky_background_xpos_tablet": {
                    "unit": "px",
                    "size": 0,
                    "sizes": []
                },
                "jet_sticky_section_sticky_background_xpos_mobile": {
                    "unit": "px",
                    "size": 0,
                    "sizes": []
                },
                "jet_sticky_section_sticky_background_ypos": {
                    "unit": "px",
                    "size": 0,
                    "sizes": []
                },
                "jet_sticky_section_sticky_background_ypos_tablet": {
                    "unit": "px",
                    "size": 0,
                    "sizes": []
                },
                "jet_sticky_section_sticky_background_ypos_mobile": {
                    "unit": "px",
                    "size": 0,
                    "sizes": []
                },
                "jet_sticky_section_sticky_background_attachment": "",
                "jet_sticky_section_sticky_background_repeat": "",
                "jet_sticky_section_sticky_background_repeat_tablet": "",
                "jet_sticky_section_sticky_background_repeat_mobile": "",
                "jet_sticky_section_sticky_background_size": "",
                "jet_sticky_section_sticky_background_size_tablet": "",
                "jet_sticky_section_sticky_background_size_mobile": "",
                "jet_sticky_section_sticky_background_bg_width": {
                    "unit": "%",
                    "size": 100,
                    "sizes": []
                },
                "jet_sticky_section_sticky_background_bg_width_tablet": {
                    "unit": "px",
                    "size": "",
                    "sizes": []
                },
                "jet_sticky_section_sticky_background_bg_width_mobile": {
                    "unit": "px",
                    "size": "",
                    "sizes": []
                },
                "jet_sticky_section_sticky_background_video_link": "",
                "jet_sticky_section_sticky_background_video_start": "",
                "jet_sticky_section_sticky_background_video_end": "",
                "jet_sticky_section_sticky_background_play_once": "",
                "jet_sticky_section_sticky_background_play_on_mobile": "",
                "jet_sticky_section_sticky_background_privacy_mode": "",
                "jet_sticky_section_sticky_background_video_fallback": {
                    "url": "",
                    "id": ""
                },
                "jet_sticky_section_sticky_background_slideshow_gallery": [],
                "jet_sticky_section_sticky_background_slideshow_loop": "yes",
                "jet_sticky_section_sticky_background_slideshow_slide_duration": 5000,
                "jet_sticky_section_sticky_background_slideshow_slide_transition": "fade",
                "jet_sticky_section_sticky_background_slideshow_transition_duration": 500,
                "jet_sticky_section_sticky_background_slideshow_background_size": "",
                "jet_sticky_section_sticky_background_slideshow_background_size_tablet": "",
                "jet_sticky_section_sticky_background_slideshow_background_size_mobile": "",
                "jet_sticky_section_sticky_background_slideshow_background_position": "",
                "jet_sticky_section_sticky_background_slideshow_background_position_tablet": "",
                "jet_sticky_section_sticky_background_slideshow_background_position_mobile": "",
                "jet_sticky_section_sticky_background_slideshow_ken_burns": "",
                "jet_sticky_section_sticky_background_slideshow_ken_burns_zoom_direction": "in",
                "jet_sticky_section_sticky_box_shadow_box_shadow_type": "",
                "jet_sticky_section_sticky_box_shadow_box_shadow": {
                    "horizontal": 0,
                    "vertical": 0,
                    "blur": 10,
                    "spread": 0,
                    "color": "rgba(0,0,0,0.5)"
                },
                "jet_sticky_section_sticky_box_shadow_box_shadow_position": " ",
                "jet_sticky_section_sticky_transition": {
                    "unit": "px",
                    "size": 0.1,
                    "sizes": []
                },
                "ekit_has_onepagescroll": "",
                "ekit_has_onepagescroll_dot": "yes",
                "ekit_onepagescroll_tooltip_text": "",
                "ekit_control_get_pro": "1",
                "padding_mobile": {
                    "unit": "px",
                    "top": "0",
                    "right": "10",
                    "bottom": "60",
                    "left": "10",
                    "isLinked": false
                },
                "content_width": {
                    "unit": "px",
                    "size": 1180,
                    "sizes": []
                }
            },
            "elements": [
                {
                    "id": "709eaf81",
                    "settings": {
                        "_column_size": 50,
                        "_inline_size": 65,
                        "margin": {
                            "unit": "px",
                            "top": "0",
                            "right": "100",
                            "bottom": "0",
                            "left": "0",
                            "isLinked": false
                        },
                        "_inline_size_tablet": 100,
                        "margin_tablet": {
                            "unit": "px",
                            "top": "0",
                            "right": "0",
                            "bottom": "40",
                            "left": "0",
                            "isLinked": false
                        },
                        "jet_sticky_column_sticky_enable": "false",
                        "jet_sticky_column_sticky_top_spacing": 50,
                        "jet_sticky_column_sticky_bottom_spacing": 50,
                        "jet_sticky_column_sticky_enable_on": [
                            "desktop",
                            "tablet"
                        ]
                    },
                    "elements": [
                        {
                            "id": "4ce5b2fe",
                            "settings": {
                                "editor": "<p>Sed ut perspiciatis unde omnis iste natus error sit voluptatem accusantium doloremque laudantium, totam rem aperiam, eaque ipsa quae ab illo inventore veritatis et quasi architecto beatae vitae dicta sunt explicabo. quia voluptas sit aspernatur aut odit aut fugit.<\/p><p>Neque porro quisquam est, qui dolorem ipsum quia dolor sit amet, consectetur, adipisci velit, sed quia non numquam eius modi tempora incidunt ut labore et dolore magnam aliquam quaerat voluptatem.<\/p>",
                                "_margin": {
                                    "unit": "px",
                                    "top": "0",
                                    "right": "0",
                                    "bottom": "0",
                                    "left": "0",
                                    "isLinked": false
                                },
                                "_padding": {
                                    "unit": "px",
                                    "top": "0",
                                    "right": "0",
                                    "bottom": "0",
                                    "left": "0",
                                    "isLinked": false
                                },
                                "__globals__": {
                                    "text_color": "",
                                    "typography_typography": "globals\/typography?id=text"
                                }
                            },
                            "elements": [],
                            "isInner": false,
                            "widgetType": "text-editor",
                            "elType": "widget"
                        },
                        {
                            "id": "70302ef5",
                            "settings": {
                                "sg_accordion_list": [
                                    {
                                        "sg_accordion_list_title": "How to Booking the Office For Meeting Purpose?",
                                        "sg_accordion_list_content": "Lorem ipsum dolor sit amet, consectetuer adipiscing elit. Aenean commodo ligula eget dolor. Aenean massa. Cum sociis natoque penatibus et magnis dis.",
                                        "_id": "175cac7"
                                    },
                                    {
                                        "sg_accordion_list_title": "Can I Pay The Booking Using Digital Wallet?",
                                        "sg_accordion_list_content": "Lorem ipsum dolor sit amet, consectetuer adipiscing elit. Aenean commodo ligula eget dolor. Aenean massa. Cum sociis natoque penatibus et magnis dis.",
                                        "_id": "e6c40ee"
                                    },
                                    {
                                        "sg_accordion_list_title": "Can I Pay The Booking Using Digital Wallet?",
                                        "sg_accordion_list_content": "Lorem ipsum dolor sit amet, consectetuer adipiscing elit. Aenean commodo ligula eget dolor. Aenean massa. Cum sociis natoque penatibus et magnis dis.",
                                        "_id": "0c84306"
                                    }
                                ],
                                "sg_accordion_open": "yes",
                                "sg_icon_position": "left",
                                "sg_icon_right": {
                                    "value": "fas fa-chevron-right",
                                    "library": "fa-solid"
                                },
                                "sg_icon_left": {
                                    "value": "fas fa-chevron-right",
                                    "library": "fa-solid"
                                },
                                "st_title_open_color_responsive": "#FFFFFF",
                                "st_title_open_background_background_background": "classic",
                                "st_title_open_background_background_color": "#000000",
                                "st_title_open_border_border_border": "solid",
                                "st_title_open_border_border_width": {
                                    "unit": "px",
                                    "top": "0",
                                    "right": "0",
                                    "bottom": "0",
                                    "left": "0",
                                    "isLinked": false
                                },
                                "st_title_open_border_border_color": "#EDEDED",
                                "st_title_close_background_background_background": "classic",
                                "st_title_close_background_background_color": "#FFFFFF00",
                                "st_title_close_border_border_border": "solid",
                                "st_title_close_border_border_width": {
                                    "unit": "px",
                                    "top": "0",
                                    "right": "0",
                                    "bottom": "0",
                                    "left": "0",
                                    "isLinked": false
                                },
                                "st_title_close_border_border_color": "#EFEFEF",
                                "st_description_padding_responsive": {
                                    "unit": "px",
                                    "top": "20",
                                    "right": "50",
                                    "bottom": "10",
                                    "left": "70",
                                    "isLinked": false
                                },
                                "st_border_border_border_width": {
                                    "unit": "px",
                                    "top": "0",
                                    "right": "0",
                                    "bottom": "0",
                                    "left": "0",
                                    "isLinked": false
                                },
                                "__globals__": {
                                    "st_title_open_color_responsive": "",
                                    "st_title_open_border_border_color": "",
                                    "st_description_color_responsive": "globals\/colors?id=text",
                                    "st_title_close_color_responsive": "",
                                    "st_description_typography_content_typography_typography": "globals\/typography?id=text",
                                    "st_title_typography_content_typography_typography": "globals\/typography?id=b3493e3",
                                    "st_title_open_background_background_color": "",
                                    "st_icon_close_color_responsive": "globals\/colors?id=0965a4d"
                                },
                                "st_description_color_responsive": "#7A7A7A",
                                "st_title_close_color_responsive": "#000000"
                            },
                            "elements": [],
                            "isInner": false,
                            "widgetType": "jkit_accordion",
                            "elType": "widget"
                        }
                    ],
                    "isInner": false,
                    "elType": "column"
                },
                {
                    "id": "6979d1d4",
                    "settings": {
                        "_column_size": 50,
                        "_inline_size": 35,
                        "padding": {
                            "unit": "px",
                            "top": "0",
                            "right": "0",
                            "bottom": "0",
                            "left": "0",
                            "isLinked": false
                        },
                        "_inline_size_tablet": 100,
                        "jet_sticky_column_sticky_enable": "false",
                        "jet_sticky_column_sticky_top_spacing": 50,
                        "jet_sticky_column_sticky_bottom_spacing": 50,
                        "jet_sticky_column_sticky_enable_on": [
                            "desktop",
                            "tablet"
                        ]
                    },
                    "elements": [
                        {
                            "id": "27cf4126",
                            "settings": {
                                "sg_icon_header": {
                                    "value": "jki jki-snowflake",
                                    "library": "jkiticon"
                                },
                                "sg_icon_text": "Let's Enjoy Our Service",
                                "sg_icon_description": "Lorem ipsum dolor sit amet, consectetur adipiscing elit, sed do eiusmod tempor incididunt ut labore et dolore magna aliqua.",
                                "sg_readmore_enable_button": "yes",
                                "sg_readmore_button_label": "Learn More",
                                "sg_badge_text": "BADGE",
                                "st_container_background_background_background": "gradient",
                                "st_container_padding_responsive": {
                                    "unit": "px",
                                    "top": "60",
                                    "right": "30",
                                    "bottom": "60",
                                    "left": "30",
                                    "isLinked": false
                                },
                                "st_container_border_border_border": "solid",
                                "st_container_border_border_width": {
                                    "unit": "px",
                                    "top": "0",
                                    "right": "0",
                                    "bottom": "0",
                                    "left": "0",
                                    "isLinked": true
                                },
                                "st_container_border_radius_responsive": {
                                    "unit": "px",
                                    "top": "0",
                                    "right": "0",
                                    "bottom": "0",
                                    "left": "0",
                                    "isLinked": true
                                },
                                "st_content_title_color_responsive": "#000000",
                                "st_content_description_color_responsive": "#FFFFFF",
                                "st_content_description_margin_responsive": {
                                    "unit": "px",
                                    "top": "0",
                                    "right": "0",
                                    "bottom": "30",
                                    "left": "0",
                                    "isLinked": false
                                },
                                "st_icon_color_responsive": "#FFFFFF",
                                "st_icon_size_responsive": {
                                    "unit": "px",
                                    "size": 100,
                                    "sizes": []
                                },
                                "st_icon_height_responsive": {
                                    "unit": "px",
                                    "size": "",
                                    "sizes": []
                                },
                                "st_icon_width_responsive": {
                                    "unit": "px",
                                    "size": "",
                                    "sizes": []
                                },
                                "st_button_padding_responsive": {
                                    "unit": "px",
                                    "top": "20",
                                    "right": "38",
                                    "bottom": "20",
                                    "left": "38",
                                    "isLinked": false
                                },
                                "st_button_margin_responsive": {
                                    "unit": "px",
                                    "top": "0",
                                    "right": "0",
                                    "bottom": "0",
                                    "left": "0",
                                    "isLinked": false
                                },
                                "st_button_normal_background_background_background": "classic",
                                "st_button_normal_background_background_color": "#FFFFFF",
                                "st_button_normal_border_radius_responsive": {
                                    "unit": "px",
                                    "top": "0",
                                    "right": "0",
                                    "bottom": "0",
                                    "left": "0",
                                    "isLinked": true
                                },
                                "__globals__": {
                                    "st_container_background_background_color": "globals\/colors?id=c276d2c",
                                    "st_button_typography_content_typography_typography": "globals\/typography?id=57b62a2",
                                    "st_button_normal_text_color_responsive": "",
                                    "st_content_description_typography_content_typography_typography": "globals\/typography?id=text",
                                    "st_content_description_color_responsive": "",
                                    "st_content_title_typography_content_typography_typography": "globals\/typography?id=07e4c65"
                                },
                                "st_container_background_background_color_stop": {
                                    "unit": "%",
                                    "size": 89,
                                    "sizes": []
                                },
                                "st_container_background_background_color_b": "#F2295B00",
                                "st_container_background_background_color_b_stop": {
                                    "unit": "%",
                                    "size": 0,
                                    "sizes": []
                                },
                                "st_container_background_background_gradient_angle": {
                                    "unit": "deg",
                                    "size": 140,
                                    "sizes": []
                                },
                                "st_button_normal_text_color_responsive": "#000000",
                                "st_icon_size_responsive_tablet": {
                                    "unit": "px",
                                    "size": 70,
                                    "sizes": []
                                },
                                "st_icon_size_responsive_mobile": {
                                    "unit": "px",
                                    "size": 45,
                                    "sizes": []
                                },
                                "st_icon_height_responsive_tablet": {
                                    "unit": "px",
                                    "size": "",
                                    "sizes": []
                                },
                                "st_icon_height_responsive_mobile": {
                                    "unit": "px",
                                    "size": "",
                                    "sizes": []
                                },
                                "st_icon_width_responsive_tablet": {
                                    "unit": "px",
                                    "size": "",
                                    "sizes": []
                                },
                                "st_icon_width_responsive_mobile": {
                                    "unit": "px",
                                    "size": "",
                                    "sizes": []
                                },
                                "st_button_hover_background_background_background": "classic",
                                "st_button_hover_background_background_color": "#FFFFFF"
                            },
                            "elements": [],
                            "isInner": false,
                            "widgetType": "jkit_icon_box",
                            "elType": "widget"
                        }
                    ],
                    "isInner": false,
                    "elType": "column"
                }
            ],
            "isInner": false,
            "elType": "section"
        }
    ]
}